kind	nodeid
ERROR	tests/unit/test_phase200_claim_support.py::TestEditInvalidatesSupport::test_untouched_sentences_keep_their_support
ERROR	tests/unit/test_phase200_claim_support.py::TestEditInvalidatesSupport::test_reviewer_support_is_invalidated_by_an_edit_too
ERROR	tests/unit/test_phase200_claim_support.py::TestEditInvalidatesSupport::test_saving_the_same_body_changes_nothing
ERROR	tests/unit/test_phase143_inference_fallback_controller.py::test_forged_self_hashed_reserve_effect_is_not_authority
ERROR	tests/unit/test_phase200_claim_support.py::TestLegacyMigration::test_migration_is_idempotent_and_leaves_new_claims_alone
ERROR	tests/unit/test_phase200_claim_support.py::TestLegacyMigration::test_reading_an_old_row_shows_the_axes_without_rewriting_history
ERROR	tests/unit/test_phase200_claim_support.py::TestLegacyMigration::test_a_migrated_record_never_claims_a_human_reviewed_it
ERROR	tests/unit/test_phase143_transport_parity.py::test_transport_parity_vectors[model_library.define_endpoint]
ERROR	tests/unit/test_phase143_inference_fallback_controller.py::test_attempt_and_execution_paired_forgery_refuses[boundary=?-cloud-revision=revision+?-1]
ERROR	tests/unit/test_phase200_readiness.py::test_the_probe_falls_back_only_within_the_frozen_plan_and_names_every_leg
ERROR	tests/unit/test_mesh_serve_worker.py::test_engine_failure_reports_fail_without_provider_text
ERROR	tests/unit/test_phase200_readiness.py::test_when_every_frozen_leg_fails_the_probe_names_the_route_and_refuses
ERROR	tests/unit/test_phase143_transport_parity.py::test_transport_parity_vectors[model_library.connect_paired_device]
ERROR	tests/unit/test_one_path_spine.py::test_surface_reaches_the_literal_admission_spine[Delivery review]
ERROR	tests/unit/test_one_path_context.py::test_an_engine_carrying_a_foreign_context_never_reaches_the_adapter
ERROR	tests/unit/test_phase143_inference_fallback_controller.py::test_valid_shape_changed_nonce_and_rehashed_effect_refuses
ERROR	tests/unit/test_phase200_recipe_catalog.py::TestDescriptorsDeclareTheContract::test_the_catalog_holds_exactly_the_three_c5_recipes
ERROR	tests/unit/test_phase200_claim_support.py::TestLegacyMigration::test_listing_migrates_too
ERROR	tests/unit/test_one_path_spine.py::test_surface_reaches_the_literal_admission_spine[Rails]
ERROR	tests/unit/test_phase200_task_resume.py::test_a_sentence_can_never_get_in_through_the_code[Inference_Target_Unavailable]
ERROR	tests/unit/test_phase143_inference_fallback_controller.py::test_nonce_hash_and_second_valid_reserve_command_cannot_replace_mint_provenance
ERROR	tests/unit/test_phase200_one_composition_root.py::TestRestoreRefusesUnderALiveOwner::test_the_cli_surfaces_the_refusal_and_exits_non_zero
ERROR	tests/unit/test_phase200_claim_support.py::TestLegacyMigration::test_editing_a_migrated_row_leaves_its_provenance_alone
ERROR	tests/unit/test_hs171_heartbeat_wire.py::TestMuteList::test_edge_does_not_fire_on_muted_room_rise
ERROR	tests/unit/test_phase200_recipe_catalog.py::TestDescriptorsDeclareTheContract::test_every_c5_field_is_declared_and_non_empty[preparation_brief]
ERROR	tests/unit/test_phase200_task_resume.py::test_a_sentence_can_never_get_in_through_the_code[aaaaaaaaaaaaaaaaaaaaaaaaaaaaaaaaaaaaaaaaaaaaaaaaaaaaaaaaaaaaaaaaa]
ERROR	tests/unit/test_phase200_one_composition_root.py::TestNotificationIsARealNoContent::test_notification_yields_an_empty_204
ERROR	tests/unit/test_one_path_spine.py::test_surface_reaches_the_literal_admission_spine[Recipe run]
ERROR	tests/unit/test_hs171_heartbeat_wire.py::TestBoundedOutcomes::test_outcomes_summary_not_raw_list
ERROR	tests/unit/test_phase143_inference_fallback_controller.py::test_legacy_workflow_policy_aliases_decode_without_local_retry_authority
ERROR	tests/unit/test_phase143_transport_parity.py::test_transport_parity_vectors[inference_assignment.summary]
ERROR	tests/unit/test_phase200_one_composition_root.py::TestEveryAskedServiceIsCarriedAndLive::test_an_unknown_name_is_a_programming_error
ERROR	tests/unit/test_phase200_recipe_catalog.py::TestDescriptorsDeclareTheContract::test_every_c5_field_is_declared_and_non_empty[decision_review]
ERROR	tests/unit/test_phase143_transport_parity.py::test_transport_parity_vectors[inference_assignment.editor]
ERROR	tests/unit/test_phase200_task_resume.py::test_recording_the_same_stop_twice_changes_nothing
ERROR	tests/unit/test_hs171_heartbeat_wire.py::TestBoundedOutcomes::test_receipt_outcomes_is_dict_not_list
ERROR	tests/unit/test_phase143_inference_route_plans.py::test_pure_resolution_is_one_snapshot_zero_write_and_fast
ERROR	tests/unit/test_phase200_continuity.py::test_recall_returns_the_current_decision_first_with_rationale_and_source
ERROR	tests/unit/test_one_path_spine.py::test_surface_reaches_the_literal_admission_spine[Sequence]
ERROR	tests/unit/test_phase200_one_composition_root.py::TestEveryAskedServiceIsCarriedAndLive::test_every_asked_name_is_a_field
ERROR	tests/unit/test_phase200_task_resume.py::test_the_route_will_not_move_a_row_it_does_not_own[accepted]
ERROR	tests/unit/test_hs171_heartbeat_wire.py::TestNextEvaluationAtStamped::test_null_stamp_advances_after_sweep
ERROR	tests/unit/test_phase200_recipe_catalog.py::TestDescriptorsDeclareTheContract::test_every_required_input_has_a_description_and_no_default[preparation_brief]
ERROR	tests/unit/test_phase200_one_composition_root.py::TestEveryAskedServiceIsCarriedAndLive::test_every_asked_name_is_live_in_the_hubs_root
ERROR	tests/unit/test_phase200_task_resume.py::test_the_route_will_not_move_a_row_it_does_not_own[discarded]
ERROR	tests/unit/test_phase143_inference_route_plans.py::test_disabled_leg_is_retained_as_frozen_preflight_unavailable
ERROR	tests/unit/test_hs171_heartbeat_wire.py::TestNextEvaluationAtStamped::test_past_stamp_advances_after_sweep
ERROR	tests/unit/test_one_path_spine.py::test_surface_reaches_the_literal_admission_spine[Workflow]
ERROR	tests/unit/test_phase200_task_resume.py::test_stopping_an_unknown_ask_is_a_not_found
ERROR	tests/unit/test_phase200_recipe_catalog.py::TestDescriptorsDeclareTheContract::test_every_required_input_has_a_description_and_no_default[decision_review]
ERROR	tests/e2e/test_philo8_one_delete_glass.py::TestOneDelete::test_a_workbench_remove_works_again_after_a_refusal[393]
ERROR	tests/unit/test_phase143_inference_route_plans.py::test_freeze_replay_and_restart_ignore_later_assignment_mutation
ERROR	tests/unit/test_hs171_heartbeat_wire.py::TestIndependentConductorLoops::test_heartbeat_exception_does_not_kill_cadence
ERROR	tests/e2e/test_philo8_one_delete_glass.py::TestOneDelete::test_a_workbench_remove_after_a_refusal_offers_undo[1440]
ERROR	tests/unit/test_phase143_transport_parity.py::test_transport_parity_vectors[inference_assignment.preview_use_default]
ERROR	tests/e2e/test_philo8_one_delete_glass.py::TestOneDelete::test_a_workbench_remove_after_a_refusal_offers_undo[393]
ERROR	tests/unit/test_one_path_spine.py::test_surface_reaches_the_literal_admission_spine[cadence next action]
ERROR	tests/unit/test_phase200_continuity.py::test_the_filters_narrow_without_lying
ERROR	tests/unit/test_phase143_inference_route_plans.py::test_freeze_requests_are_closed_and_identity_collisions_are_named
ERROR	tests/e2e/test_philo8_one_delete_glass.py::TestOneDelete::test_a_workbench_success_keeps_another_items_refusal[1440]
ERROR	tests/e2e/test_philo8_one_delete_glass.py::TestOneDelete::test_a_workbench_success_keeps_another_items_refusal[393]
ERROR	tests/unit/test_one_path_spine.py::test_surface_reaches_the_literal_admission_spine[dictation pipeline]
ERROR	tests/e2e/test_philo8_one_delete_glass.py::TestOneDelete::test_a_create_keeps_an_unrelated_delete_failure[1440]
ERROR	tests/unit/test_phase200_recipe_catalog.py::TestDescriptorsDeclareTheContract::test_every_required_input_has_a_description_and_no_default[weekly_update]
ERROR	tests/unit/test_phase200_task_resume.py::test_the_machine_identity_is_minted_once_and_persisted
ERROR	tests/e2e/test_philo8_one_delete_glass.py::TestOneDelete::test_a_create_keeps_an_unrelated_delete_failure[393]
ERROR	tests/unit/test_hs171_heartbeat_wire.py::TestIndependentConductorLoops::test_real_heartbeat_mixin_swallows_exception
ERROR	tests/e2e/test_philo8_one_delete_glass.py::TestOneDelete::test_an_update_keeps_an_unrelated_delete_failure[1440]
ERROR	tests/unit/test_phase200_task_resume.py::test_an_existing_machine_identity_is_never_rewritten
ERROR	tests/e2e/test_philo8_one_delete_glass.py::TestOneDelete::test_an_update_keeps_an_unrelated_delete_failure[393]
ERROR	tests/unit/test_hs171_heartbeat_wire.py::TestIndependentConductorLoops::test_all_five_thread_names_in_web_runtime
ERROR	tests/e2e/test_philo8_one_delete_glass.py::TestOneDelete::test_a_delete_keeps_an_unrelated_rename_failure[chromium-1440]
ERROR	tests/unit/test_phase200_recipe_catalog.py::TestDescriptorsDeclareTheContract::test_source_kinds_are_c4_kinds_or_the_named_route[preparation_brief]
ERROR	tests/unit/test_hs171_heartbeat_wire.py::TestCadenceIntervalDrive::test_sweep_due_at_interval
ERROR	tests/e2e/test_philo8_one_delete_glass.py::TestOneDelete::test_a_delete_keeps_an_unrelated_rename_failure[chromium-393]
ERROR	tests/unit/test_phase200_continuity.py::test_superseded_and_disputed_records_are_discoverable_and_never_current
ERROR	tests/unit/test_phase143_transport_parity.py::test_transport_parity_vectors[inference_assignment.clear]
ERROR	tests/unit/test_phase143_inference_route_plans.py::test_command_pointer_tamper_and_operation_identity_collisions_refuse
ERROR	tests/e2e/test_philo8_one_delete_glass.py::TestOneDelete::test_a_delete_keeps_an_unrelated_rename_failure[webkit-1440]
ERROR	tests/unit/test_phase200_recipe_catalog.py::TestDescriptorsDeclareTheContract::test_source_kinds_are_c4_kinds_or_the_named_route[decision_review]
ERROR	tests/e2e/test_philo8_one_delete_glass.py::TestOneDelete::test_a_delete_keeps_an_unrelated_rename_failure[webkit-393]
ERROR	tests/unit/test_phase200_task_resume.py::test_a_settings_save_round_trips_the_machine_identity
ERROR	tests/unit/test_one_path_spine.py::test_surface_reaches_the_literal_admission_spine[manual Workbench]
ERROR	tests/unit/test_hs171_heartbeat_wire.py::TestCadenceIntervalDrive::test_sweep_not_due_before_interval
ERROR	tests/e2e/test_philo8_one_delete_glass.py::TestOneDelete::test_a_recreated_object_can_be_deleted_again
ERROR	tests/unit/test_phase143_inference_route_plans.py::test_recomputed_payload_hash_cannot_forge_retry_or_leg_evidence
ERROR	tests/e2e/test_philo8_one_delete_glass.py::TestOneDelete::test_a_resize_that_changes_the_face_commits
ERROR	tests/unit/test_hs171_heartbeat_wire.py::TestPipelineEventsReceipt::test_pipeline_event_after_normal_sweep
ERROR	tests/e2e/test_philo9_03_room_face_glass.py::TestRoomFaceGlass::test_the_meetings_project_button_opens_the_room[1440]
ERROR	tests/e2e/test_philo9_03_room_face_glass.py::TestRoomFaceGlass::test_the_meetings_project_button_opens_the_room[393]
ERROR	tests/unit/test_phase143_inference_route_plans.py::test_cross_bound_assignment_profile_and_binding_tamper_refuses
ERROR	tests/unit/test_one_path_context.py::test_one_engine_may_serve_two_attempts_and_keeps_no_state_between_them
ERROR	tests/e2e/test_philo9_03_room_face_glass.py::TestRoomFaceGlass::test_the_chairs_project_button_opens_the_room[1440]
ERROR	tests/unit/test_phase200_one_composition_root.py::TestNoBareAccessorInMcp::test_every_accessor_call_under_mcp_goes_through_the_root
ERROR	tests/unit/test_phase143_inference_route_plans.py::test_legacy_adapter_refuses_unproved_structured_capability_before_writes
ERROR	tests/unit/test_phase200_voice_custody.py::test_a_hotkey_dictation_journals_its_own_row_and_types_the_landed_text_once
ERROR	tests/unit/test_hs171_heartbeat_wire.py::TestZeroEgressOnLANWatches::test_no_network_calls_for_local_provider
ERROR	tests/unit/test_one_path_spine.py::test_surface_reaches_the_literal_admission_spine[scheduled Workbench]
ERROR	tests/unit/test_hs171_heartbeat_wire.py::TestZeroEgressOnLANWatches::test_evaluate_due_local_stub_no_egress
ERROR	tests/unit/test_phase200_people_preparation.py::TestAmbiguousOwners::test_candidate_resolver_never_guesses
ERROR	tests/unit/test_phase200_voice_custody.py::test_a_hotkey_dictation_reaches_the_agent_target_when_one_is_aimed
ERROR	tests/unit/test_phase151_fired_session_admission.py::test_p7_routed_meeting_admission_has_frozen_preload_material
ERROR	tests/unit/test_phase200_voice_custody.py::test_a_typing_adapter_that_raises_is_never_retried_and_keeps_the_words
ERROR	tests/unit/test_phase143_inference_route_plans.py::test_one_shot_hashes_private_material_and_attempt_ordinal_is_not_minted
ERROR	tests/unit/test_one_path_spine.py::test_surface_reaches_the_literal_admission_spine[voice]
ERROR	tests/unit/test_one_path_provenance.py::test_every_child_carries_causation_revision_placement_and_basis[Decision promotion]
ERROR	tests/unit/test_phase200_continuity.py::test_the_carry_mark_survives_a_restart_and_resolves_to_the_current_record
ERROR	tests/unit/test_phase143_inference_route_plans.py::test_executable_operation_refuses_without_registered_evidence_owner
ERROR	tests/unit/test_hs171_heartbeat_wire.py::TestSweepNotificationWire::test_sweep_count_3_mode_edge_fires_notification_and_receipts
ERROR	tests/unit/test_phase200_voice_custody.py::test_silence_journals_nothing_types_nothing_and_names_no_speech
ERROR	tests/unit/test_phase200_people_preparation.py::TestAmbiguousOwners::test_identical_display_names_no_longer_attribute_by_store_order
ERROR	tests/unit/test_phase200_people_preparation.py::TestAmbiguousOwners::test_resolution_by_alias_links_the_owner_in_place
ERROR	tests/unit/test_one_path_provenance.py::test_every_child_carries_causation_revision_placement_and_basis[Delivery review]
ERROR	tests/unit/test_one_path_spine.py::test_the_two_admission_shapes_both_appear_across_every_surface
ERROR	tests/unit/test_one_path_provenance.py::test_every_child_carries_causation_revision_placement_and_basis[Rails]
ERROR	tests/unit/test_hs171_heartbeat_wire.py::TestSweepNotificationWire::test_same_count_next_sweep_held_no_edge
ERROR	tests/unit/test_phase200_voice_custody.py::test_a_failed_transcription_names_itself_and_writes_no_row
ERROR	tests/unit/test_phase151_fired_session_admission.py::test_p8_service_principal_execute_passes_parent_operation_id
ERROR	tests/unit/test_phase143_inference_route_plans.py::test_malformed_or_capability_mismatched_provider_rolls_back_every_write
FAILED	tests/unit/test_decision_record_service.py::test_promotion_cancellation_after_provider_return_never_publishes_artifact
FAILED	tests/e2e/test_philo8_one_delete_glass.py::TestOneDelete::test_a_repeated_delete_never_offers_a_false_undo[list-393]
FAILED	tests/unit/test_phase143_transport_parity.py::test_transport_parity_vectors[model_library.add_to_library]
FAILED	tests/unit/test_phase143_inference_fallback_controller.py::test_local_capacity_pre_send_failure_falls_back_with_zero_physical_primary
FAILED	tests/unit/test_phase143_transport_parity.py::test_transport_parity_vectors[model_library.use_model_file]
FAILED	tests/unit/test_phase143_inference_fallback_controller.py::test_attempt_and_execution_paired_forgery_refuses[reserved_token_budget=?-1-tokens_reserved=?-1]
FAILED	tests/unit/test_phase143_inference_fallback_controller.py::test_attempt_and_execution_paired_forgery_refuses[deployment_revision_id=?-deployment-revision-forged-revision=revision+?-1]
FAILED	tests/unit/test_phase143_transport_parity.py::test_transport_parity_vectors[model_library.connect_hosted_model]
FAILED	tests/unit/test_phase200_readiness.py::test_an_off_machine_route_refuses_the_probe_until_the_owner_confirms
FAILED	tests/unit/test_phase200_one_composition_root.py::TestRestoreRefusesUnderALiveOwner::test_offline_restore_still_works
FAILED	tests/e2e/test_philo8_one_delete_glass.py::TestOneDelete::test_a_workbench_remove_works_again_after_a_refusal[1440]
FAILED	tests/unit/test_phase200_continuity.py::test_a_recall_miss_is_a_true_miss_with_the_projects_searched
FAILED	tests/unit/test_phase143_transport_parity.py::test_transport_parity_vectors[inference_assignment.set]
FAILED	tests/unit/test_phase143_transport_parity.py::test_assignment_set_committed_effect_replay_is_identical_but_not_a_projection
FAILED	tests/unit/test_phase200_task_resume.py::test_custody_survives_the_database_file_being_recreated
FAILED	tests/unit/test_phase200_continuity.py::test_a_decision_kind_chain_row_is_never_owed_and_an_action_is_never_a_decision
FAILED	tests/unit/test_phase151_fired_session_admission.py::test_p1_owner_with_speech_head_admits_four_routes
FAILED	tests/unit/test_phase200_task_resume.py::test_a_different_machine_reads_elsewhere
FAILED	tests/unit/test_one_path_spine.py::test_surface_reaches_the_literal_admission_spine[meeting deferred]
FAILED	tests/unit/test_phase151_fired_session_admission.py::test_p2_owner_without_speech_head_admits_intel_only_record_only
FAILED	tests/unit/test_phase200_continuity.py::test_an_owed_row_has_typed_unknowns_and_one_lawful_next_action
FAILED	tests/unit/test_one_path_spine.py::test_surface_reaches_the_literal_admission_spine[memory writeback]
FAILED	tests/unit/test_phase200_people_preparation.py::TestAmbiguousOwners::test_shared_first_name_is_ambiguous_and_never_attributed
FAILED	tests/unit/test_one_path_provenance.py::test_every_child_carries_causation_revision_placement_and_basis[Ask]
FAILED	tests/unit/test_phase151_fired_session_admission.py::test_p4_record_only_status_and_detail_persist_on_meeting_state
FAILED	tests/unit/test_phase200_continuity.py::test_assignment_and_association_never_complete_a_commitment
FAILED	tests/unit/test_philo10_send_restart.py::test_r3_a_restart_during_dispatching_ends_unknown_once_and_the_replay_answers_it[project_update-killed-after-the-write-inline]
FAILED	tests/e2e/test_mermaid_renders.py::test_every_mermaid_block_renders
