file	case	width	verdict	seconds	load1	reading	run_dir	exit_code	source_revision	source_dirty
atlas-phase7.json	case.p7.zone_create.visible	1440	blocked	34.11	27.18	BLOCKED: ui step wait_for on 'input.desk-zone-rename' failed: TimeoutError: Locator.wait_for: Timeout 10000ms exceeded. Call log:   - waiting for locator("input.desk-zone-rename").first to be visible 	case.p7.zone_create.visible--1440/20260930T134503Z-case.p7.zone_create.visible-astra-1440	1	8a6b807d6682d9446d9b75216bbd3844d203cdcc	true
atlas-phase7.json	case.p7.zone_create.visible	393	pass	19.533	20.36	predicate: 'Atlas zone' is readable in viewport {'width': 393, 'height': 852} with rect {'x': 15, 'y': 74, 'w': 363, 'h': 26}	case.p7.zone_create.visible--393/20260930T134537Z-case.p7.zone_create.visible-astra-393	0	8a6b807d6682d9446d9b75216bbd3844d203cdcc	true
atlas-phase7.json	case.p7.zone_file.note_in_zone	1440	pass	9.754	19.43	predicate: 'Filed · Atlas zone' is readable in viewport {'width': 1440, 'height': 900} with rect {'x': 1055, 'y': 161, 'w': 98, 'h': 18}	case.p7.zone_file.note_in_zone--1440/20260930T134557Z-case.p7.zone_file.note_in_zone-astra-1440	0	8a6b807d6682d9446d9b75216bbd3844d203cdcc	true
atlas-phase7.json	case.p7.zone_file.note_in_zone	393	pass	12.791	22.16	predicate: 'Filed · Atlas zone' is readable in viewport {'width': 393, 'height': 852} with rect {'x': 33, 'y': 403, 'w': 98, 'h': 18}	case.p7.zone_file.note_in_zone--393/20260930T134607Z-case.p7.zone_file.note_in_zone-astra-393	0	8a6b807d6682d9446d9b75216bbd3844d203cdcc	true
atlas-phase7.json	case.p7.zone_file.refile_moves	1440	pass	17.625	28.41	predicate: 'Filed · Atlas zone B' is readable in viewport {'width': 1440, 'height': 900} with rect {'x': 1055, 'y': 161, 'w': 109, 'h': 18}	case.p7.zone_file.refile_moves--1440/20260930T134619Z-case.p7.zone_file.refile_moves-astra-1440	0	8a6b807d6682d9446d9b75216bbd3844d203cdcc	true
atlas-phase7.json	case.p7.zone_file.refile_moves	393	pass	14.06	25.37	predicate: 'Filed · Atlas zone B' is readable in viewport {'width': 393, 'height': 852} with rect {'x': 33, 'y': 403, 'w': 109, 'h': 18}	case.p7.zone_file.refile_moves--393/20260930T134637Z-case.p7.zone_file.refile_moves-astra-393	0	8a6b807d6682d9446d9b75216bbd3844d203cdcc	true
atlas-phase7.json	case.p7.zone_unfile.note_leaves	1440	pass	9.81	22.16	predicate: '+ Atlas zone' is readable in viewport {'width': 1440, 'height': 900} with rect {'x': 1045, 'y': 189, 'w': 354, 'h': 170}	case.p7.zone_unfile.note_leaves--1440/20260930T134651Z-case.p7.zone_unfile.note_leaves-astra-1440	0	8a6b807d6682d9446d9b75216bbd3844d203cdcc	true
atlas-phase7.json	case.p7.zone_unfile.note_leaves	393	pass	11.88	20.67	predicate: '+ Atlas zone' is readable in viewport {'width': 393, 'height': 852} with rect {'x': 23, 'y': 431, 'w': 347, 'h': 170}	case.p7.zone_unfile.note_leaves--393/20260930T134701Z-case.p7.zone_unfile.note_leaves-astra-393	0	8a6b807d6682d9446d9b75216bbd3844d203cdcc	true
atlas-phase7.json	case.p7.kb_create.visible	1440	pass	10.022	18.70	predicate: 'New Knowledge' is readable in viewport {'width': 1440, 'height': 900} with rect {'x': 1031, 'y': 145, 'w': 382, 'h': 26}	case.p7.kb_create.visible--1440/20260930T134713Z-case.p7.kb_create.visible-astra-1440	0	8a6b807d6682d9446d9b75216bbd3844d203cdcc	true
atlas-phase7.json	case.p7.kb_create.visible	393	pass	9.982	16.76	predicate: 'New Knowledge' is readable in viewport {'width': 393, 'height': 852} with rect {'x': 15, 'y': 123, 'w': 363, 'h': 26}	case.p7.kb_create.visible--393/20260930T134723Z-case.p7.kb_create.visible-astra-393	0	8a6b807d6682d9446d9b75216bbd3844d203cdcc	true
atlas-phase7.json	case.p7.kb_member.add_and_remove	1440	pass	9.262	15.42	predicate: '+ Atlas knowledge' is readable in viewport {'width': 1440, 'height': 900} with rect {'x': 1045, 'y': 189, 'w': 354, 'h': 137}	case.p7.kb_member.add_and_remove--1440/20260930T134733Z-case.p7.kb_member.add_and_remove-astra-1440	0	8a6b807d6682d9446d9b75216bbd3844d203cdcc	true
atlas-phase7.json	case.p7.kb_member.add_and_remove	393	pass	9.441	13.92	predicate: '+ Atlas knowledge' is readable in viewport {'width': 393, 'height': 852} with rect {'x': 23, 'y': 464, 'w': 347, 'h': 137}	case.p7.kb_member.add_and_remove--393/20260930T134742Z-case.p7.kb_member.add_and_remove-astra-393	0	8a6b807d6682d9446d9b75216bbd3844d203cdcc	true
atlas-phase7.json	case.p7.decision_status.review_list	1440	pass	11.145	12.09	predicate: 'Review decision: Atlas review decision' is readable in viewport {'width': 1440, 'height': 900} with rect {'x': 256, 'y': 302, 'w': 928, 'h': 54}	case.p7.decision_status.review_list--1440/20260930T134751Z-case.p7.decision_status.review_list-astra-1440	0	8a6b807d6682d9446d9b75216bbd3844d203cdcc	true
atlas-phase7.json	case.p7.decision_status.review_list	393	pass	12.382	11.07	predicate: 'Review decision: Atlas review decision' is readable in viewport {'width': 393, 'height': 852} with rect {'x': 12, 'y': 383, 'w': 369, 'h': 103}	case.p7.decision_status.review_list--393/20260930T134803Z-case.p7.decision_status.review_list-astra-393	0	8a6b807d6682d9446d9b75216bbd3844d203cdcc	true
atlas-phase7.json	case.p7.decision_supersede.successor_visible	1440	pass	11.853	18.03	predicate: 'Supersedes Atlas old decision' is readable in viewport {'width': 1440, 'height': 900} with rect {'x': 1037, 'y': 117, 'w': 370, 'h': 56}	case.p7.decision_supersede.successor_visible--1440/20260930T134815Z-case.p7.decision_supersede.successor_visible-astra-1440	0	8a6b807d6682d9446d9b75216bbd3844d203cdcc	true
atlas-phase7.json	case.p7.decision_supersede.successor_visible	393	pass	12.585	21.15	predicate: 'Supersedes Atlas old decision' is readable in viewport {'width': 393, 'height': 852} with rect {'x': 15, 'y': 449, 'w': 363, 'h': 112}	case.p7.decision_supersede.successor_visible--393/20260930T134827Z-case.p7.decision_supersede.successor_visible-astra-393	0	8a6b807d6682d9446d9b75216bbd3844d203cdcc	true
atlas-phase7.json	case.p7.decision_delete.gone	1440	pass	40.439	19.97	predicate: 'Removal committed' is readable in viewport {'width': 1440, 'height': 900} with rect {'x': 651, 'y': 748, 'w': 138, 'h': 27}	case.p7.decision_delete.gone--1440/20260930T134839Z-case.p7.decision_delete.gone-astra-1440	0	8a6b807d6682d9446d9b75216bbd3844d203cdcc	true
atlas-phase7.json	case.p7.decision_delete.gone	393	pass	25.219	16.78	predicate: 'Removal committed' is readable in viewport {'width': 393, 'height': 852} with rect {'x': 127, 'y': 628, 'w': 138, 'h': 27}	case.p7.decision_delete.gone--393/20260930T134920Z-case.p7.decision_delete.gone-astra-393	0	8a6b807d6682d9446d9b75216bbd3844d203cdcc	true
atlas-phase7.json	case.p7.zone_create.visible.op	op	pass	2.86	15.67	predicate: all 5 facts hold: observe_at directory.id holds; observe_at directory.name holds; observe_at directory.parent_id holds; op read #0 (zone.list) <root> holds; the trigger operation_id is absent	case.p7.zone_create.visible.op--op/20260930T134945Z-case.p7.zone_create.visible.op-astra-1440	0	8a6b807d6682d9446d9b75216bbd3844d203cdcc	true
atlas-phase7.json	case.p7.zone_file.note_in_zone.op	op	pass	2.87	15.67	predicate: all 10 facts hold: observe_at <root> holds; observe_at <root> holds; op read #0 (kernel.receipt.read) objects.0.receipt.operation_id holds; op read #0 (kernel.receipt.read) objects.0.operation.name holds; op read #0 (kernel.receipt.read) objects.0.receipt.state holds; op read #0 (kernel.r	case.p7.zone_file.note_in_zone.op--op/20260930T134948Z-case.p7.zone_file.note_in_zone.op-astra-1440	0	8a6b807d6682d9446d9b75216bbd3844d203cdcc	true
atlas-phase7.json	case.p7.zone_file.refile_moves.op	op	pass	4.431	14.66	predicate: all 16 facts hold: observe_at <root> holds; op read #0 (zone.members) <root> holds; op read #1 (kernel.receipt.read) objects.0.receipt.operation_id holds; op read #1 (kernel.receipt.read) objects.0.operation.name holds; op read #1 (kernel.receipt.read) objects.0.receipt.state holds; op re	case.p7.zone_file.refile_moves.op--op/20260930T134951Z-case.p7.zone_file.refile_moves.op-astra-1440	0	8a6b807d6682d9446d9b75216bbd3844d203cdcc	true
atlas-phase7.json	case.p7.zone_unfile.note_leaves.op	op	pass	2.892	13.57	predicate: all 17 facts hold: observe_at <root> holds; observe_at <root> holds; op read #0 (kernel.receipt.read) objects.0.receipt.operation_id holds; op read #0 (kernel.receipt.read) objects.0.operation.name holds; op read #0 (kernel.receipt.read) objects.0.receipt.state holds; op read #0 (kernel.r	case.p7.zone_unfile.note_leaves.op--op/20260930T134955Z-case.p7.zone_unfile.note_leaves.op-astra-1440	0	8a6b807d6682d9446d9b75216bbd3844d203cdcc	true
atlas-phase7.json	case.p7.kb_create.visible.op	op	pass	2.829	13.57	predicate: all 4 facts hold: observe_at id holds; observe_at name holds; op read #0 (kb.list) <root> holds; the trigger operation_id is absent	case.p7.kb_create.visible.op--op/20260930T134958Z-case.p7.kb_create.visible.op-astra-1440	0	8a6b807d6682d9446d9b75216bbd3844d203cdcc	true
atlas-phase7.json	case.p7.kb_member.add_and_remove.op	op	pass	2.859	12.72	predicate: all 15 facts hold: observe_at <root> holds; op read #0 (kernel.receipt.read) objects.0.receipt.operation_id holds; op read #0 (kernel.receipt.read) objects.0.operation.name holds; op read #0 (kernel.receipt.read) objects.0.receipt.state holds; op read #0 (kernel.receipt.read) objects.0.re	case.p7.kb_member.add_and_remove.op--op/20260930T135001Z-case.p7.kb_member.add_and_remove.op-astra-1440	0	8a6b807d6682d9446d9b75216bbd3844d203cdcc	true
atlas-phase7.json	case.p7.decision_status.review_list.op	op	pass	2.86	11.94	predicate: all 9 facts hold: observe_at status holds; observe_at id holds; op read #0 (kernel.receipt.read) objects.0.receipt.operation_id holds; op read #0 (kernel.receipt.read) objects.0.operation.name holds; op read #0 (kernel.receipt.read) objects.0.receipt.state holds; op read #0 (kernel.receip	case.p7.decision_status.review_list.op--op/20260930T135004Z-case.p7.decision_status.review_list.op-astra-1440	0	8a6b807d6682d9446d9b75216bbd3844d203cdcc	true
atlas-phase7.json	case.p7.decision_supersede.successor_visible.op	op	pass	2.867	11.94	predicate: all 6 facts hold: observe_at status holds; observe_at superseded_by holds; op read #0 (decision.read) id holds; op read #0 (decision.read) deleted holds; the trigger receipt.target_ref holds; the trigger operation_id holds	case.p7.decision_supersede.successor_visible.op--op/20260930T135007Z-case.p7.decision_supersede.successor_visible.op-astra-1440	0	8a6b807d6682d9446d9b75216bbd3844d203cdcc	true
atlas-phase7.json	case.p7.decision_supersede.receipt.op	op	pass	2.849	11.54	predicate: all 9 facts hold: observe_at objects.0.receipt.operation_id holds; observe_at objects.0.operation.name holds; observe_at objects.0.receipt.state holds; observe_at objects.0.receipt.actor_kind holds; observe_at objects.0.receipt.actor_identity holds; observe_at objects.0.receipt.target_ref	case.p7.decision_supersede.receipt.op--op/20260930T135010Z-case.p7.decision_supersede.receipt.op-astra-1440	0	8a6b807d6682d9446d9b75216bbd3844d203cdcc	true
atlas-phase7.json	case.p7.decision_delete.gone.op	op	pass	2.893	11.54	predicate: all 9 facts hold: observe_at <root> holds; op read #0 (decision.read) error holds; op read #1 (kernel.receipt.read) objects.0.receipt.operation_id holds; op read #1 (kernel.receipt.read) objects.0.operation.name holds; op read #1 (kernel.receipt.read) objects.0.receipt.state holds; op rea	case.p7.decision_delete.gone.op--op/20260930T135012Z-case.p7.decision_delete.gone.op-astra-1440	0	8a6b807d6682d9446d9b75216bbd3844d203cdcc	true
atlas-phase7.json	case.p7.decision_create.receipt.op	op	pass	2.872	10.86	predicate: all 7 facts hold: observe_at objects.0.receipt.operation_id holds; observe_at objects.0.operation.name holds; observe_at objects.0.receipt.state holds; observe_at objects.0.receipt.actor_kind holds; observe_at objects.0.receipt.actor_identity holds; the trigger id holds; op read #0 (decis	case.p7.decision_create.receipt.op--op/20260930T135015Z-case.p7.decision_create.receipt.op-astra-1440	0	8a6b807d6682d9446d9b75216bbd3844d203cdcc	true
atlas-phase7.json	case.p7.zone_file.refused_unknown_zone.op	op	pass	2.894	10.86	predicate: all 8 facts hold: the trigger error holds; observe_at objects.0.receipt.operation_id holds; observe_at objects.0.receipt.state holds; observe_at objects.0.receipt.actor_kind holds; observe_at objects.0.receipt.actor_identity holds; observe_at objects.0.receipt.outcome holds; observe_at ob	case.p7.zone_file.refused_unknown_zone.op--op/20260930T135018Z-case.p7.zone_file.refused_unknown_zone.op-astra-1440	0	8a6b807d6682d9446d9b75216bbd3844d203cdcc	true
atlas-phase7.json	case.p7.kb_member.refused_bad_ref.op	op	pass	2.89	10.23	predicate: all 8 facts hold: the trigger error holds; observe_at objects.0.receipt.operation_id holds; observe_at objects.0.receipt.state holds; observe_at objects.0.receipt.actor_kind holds; observe_at objects.0.receipt.actor_identity holds; observe_at objects.0.receipt.target_ref holds; observe_at	case.p7.kb_member.refused_bad_ref.op--op/20260930T135021Z-case.p7.kb_member.refused_bad_ref.op-astra-1440	0	8a6b807d6682d9446d9b75216bbd3844d203cdcc	true
atlas-phase7.json	case.p7.decision_status.refused_invalid.op	op	pass	2.866	9.73	predicate: all 8 facts hold: the trigger error holds; observe_at objects.0.receipt.operation_id holds; observe_at objects.0.receipt.state holds; observe_at objects.0.receipt.actor_kind holds; observe_at objects.0.receipt.actor_identity holds; observe_at objects.0.receipt.outcome holds; observe_at ob	case.p7.decision_status.refused_invalid.op--op/20260930T135024Z-case.p7.decision_status.refused_invalid.op-astra-1440	0	8a6b807d6682d9446d9b75216bbd3844d203cdcc	true
atlas-phase7.json	case.p7.decision_delete.refused_unknown.op	op	pass	2.891	9.73	predicate: all 8 facts hold: the trigger error holds; observe_at objects.0.receipt.operation_id holds; observe_at objects.0.receipt.state holds; observe_at objects.0.receipt.actor_kind holds; observe_at objects.0.receipt.actor_identity holds; observe_at objects.0.receipt.outcome holds; observe_at ob	case.p7.decision_delete.refused_unknown.op--op/20260930T135027Z-case.p7.decision_delete.refused_unknown.op-astra-1440	0	8a6b807d6682d9446d9b75216bbd3844d203cdcc	true
atlas-phase7.json	case.j1.first_words_keep_as_note.kept.op	op	pass	2.865	9.27	predicate: all 5 facts hold: observe_at id holds; observe_at body_markdown holds; observe_at title holds; op read #0 (note.list) <root> holds; the trigger operation_id is absent	case.j1.first_words_keep_as_note.kept.op--op/20260930T135030Z-case.j1.first_words_keep_as_note.kept.op-astra-1440	0	8a6b807d6682d9446d9b75216bbd3844d203cdcc	true
atlas-phase7.json	case.j11.write_a_thought.window_open.op	op	pass	2.861	9.27	predicate: all 3 facts hold: observe_at thought.id holds; observe_at thought.working_note.id holds; the trigger operation_id is absent	case.j11.write_a_thought.window_open.op--op/20260930T135033Z-case.j11.write_a_thought.window_open.op-astra-1440	0	8a6b807d6682d9446d9b75216bbd3844d203cdcc	true
atlas-phase7.json	case.j11.thought_keep.kept.op	op	pass	2.883	8.85	predicate: all 4 facts hold: observe_at id holds; observe_at body_markdown holds; op read #0 (note.list) <root> holds; the trigger operation_id is absent	case.j11.thought_keep.kept.op--op/20260930T135035Z-case.j11.thought_keep.kept.op-astra-1440	0	8a6b807d6682d9446d9b75216bbd3844d203cdcc	true
atlas-phase8.json	case.p8.zone_create.second_unnamed	1440	pass	35.495	12.22	predicate: all_of: protocol_status: POST /api/directories answered 201, wanted 201 (body sha256 a9ac7cb634a9) | protocol_reads: GET /api/directories answered 200 with 1 row(s) {'name': 'New zone'}; GET /api/directories answered 200 with 1 row(s) {'name': 'New zone 2'} | input_value: value is 'New zo	case.p8.zone_create.second_unnamed--1440/20260930T135038Z-case.p8.zone_create.second_unnamed-astra-1440	0	8a6b807d6682d9446d9b75216bbd3844d203cdcc	true
atlas-phase8.json	case.p8.zone_create.second_unnamed	393	pass	35.702	27.52	predicate: all_of: protocol_status: POST /api/directories answered 201, wanted 201 (body sha256 2050eef159b2) | protocol_reads: GET /api/directories answered 200 with 1 row(s) {'name': 'New zone'}; GET /api/directories answered 200 with 1 row(s) {'name': 'New zone 2'} | input_value: value is 'New zo	case.p8.zone_create.second_unnamed--393/20260930T135114Z-case.p8.zone_create.second_unnamed-astra-393	0	8a6b807d6682d9446d9b75216bbd3844d203cdcc	true
atlas-phase8.json	case.p8.zone_create.second_unnamed_floor	1440	pass	42.383	21.44	predicate: all_of: protocol_status: POST /api/directories answered 201, wanted 201 (body sha256 cfe6e96eab87) | protocol_reads: GET /api/directories answered 200 with 1 row(s) {'name': 'New zone'}; GET /api/directories answered 200 with 1 row(s) {'name': 'New zone 2'} | input_value: value is 'New zo	case.p8.zone_create.second_unnamed_floor--1440/20260930T135150Z-case.p8.zone_create.second_unnamed_floor-astra-1440	0	8a6b807d6682d9446d9b75216bbd3844d203cdcc	true
atlas-phase8.json	case.p8.zone_create.second_unnamed_floor	393	pass	23.644	19.08	predicate: all_of: protocol_status: POST /api/directories answered 201, wanted 201 (body sha256 940f1bf796a3) | protocol_reads: GET /api/directories answered 200 with 1 row(s) {'name': 'New zone'}; GET /api/directories answered 200 with 1 row(s) {'name': 'New zone 2'} | input_value: value is 'New zo	case.p8.zone_create.second_unnamed_floor--393/20260930T135232Z-case.p8.zone_create.second_unnamed_floor-astra-393	0	8a6b807d6682d9446d9b75216bbd3844d203cdcc	true
atlas-phase8.json	case.p8.zone_rename.list	1440	pass	25.807	17.04	predicate: all_of: readable_text: 'Platform' is readable in viewport {'width': 1440, 'height': 900} with rect {'x': 237, 'y': 297, 'w': 53, 'h': 24} | protocol_reads: GET /api/directories answered 200 with 1 row(s) {'name': 'Platform'}	case.p8.zone_rename.list--1440/20260930T135256Z-case.p8.zone_rename.list-astra-1440	0	8a6b807d6682d9446d9b75216bbd3844d203cdcc	true
atlas-phase8.json	case.p8.zone_rename.list	393	pass	13.603	15.90	predicate: all_of: readable_text: 'Platform' is readable in viewport {'width': 393, 'height': 852} with rect {'x': 77, 'y': 469, 'w': 90, 'h': 38} | protocol_reads: GET /api/directories answered 200 with 1 row(s) {'name': 'Platform'}	case.p8.zone_rename.list--393/20260930T135321Z-case.p8.zone_rename.list-astra-393	0	8a6b807d6682d9446d9b75216bbd3844d203cdcc	true
atlas-phase8.json	case.p8.zone_rename.name_taken_list	1440	pass	24.171	14.42	predicate: all_of: readable_text: 'NAME TAKEN' is readable in viewport {'width': 1440, 'height': 900} with rect {'x': 237, 'y': 339, 'w': 112, 'h': 18} | protocol_reads: GET /api/directories answered 200 with 1 row(s) {'name': 'New zone'}	case.p8.zone_rename.name_taken_list--1440/20260930T135335Z-case.p8.zone_rename.name_taken_list-astra-1440	0	8a6b807d6682d9446d9b75216bbd3844d203cdcc	true
atlas-phase8.json	case.p8.zone_rename.name_taken_list	393	pass	13.463	12.86	predicate: all_of: readable_text: 'NAME TAKEN' is readable in viewport {'width': 393, 'height': 852} with rect {'x': 77, 'y': 498, 'w': 112, 'h': 18} | protocol_reads: GET /api/directories answered 200 with 1 row(s) {'name': 'New zone'}	case.p8.zone_rename.name_taken_list--393/20260930T135359Z-case.p8.zone_rename.name_taken_list-astra-393	0	8a6b807d6682d9446d9b75216bbd3844d203cdcc	true
atlas-phase8.json	case.p8.zone_rename.name_taken_floor	1440	pass	31.418	12.02	predicate: all_of: readable_text: 'NAME TAKEN' is readable in viewport {'width': 1440, 'height': 900} with rect {'x': 1208, 'y': 167, 'w': 112, 'h': 18} | protocol_reads: GET /api/directories answered 200 with 1 row(s) {'name': 'New zone'}	case.p8.zone_rename.name_taken_floor--1440/20260930T135413Z-case.p8.zone_rename.name_taken_floor-astra-1440	0	8a6b807d6682d9446d9b75216bbd3844d203cdcc	true
atlas-phase8.json	case.p8.zone_rename.name_taken_floor	393	pass	19.672	12.22	predicate: all_of: readable_text: 'NAME TAKEN' is readable in viewport {'width': 393, 'height': 852} with rect {'x': 14, 'y': 315, 'w': 112, 'h': 18} | protocol_reads: GET /api/directories answered 200 with 1 row(s) {'name': 'New zone'}	case.p8.zone_rename.name_taken_floor--393/20260930T135444Z-case.p8.zone_rename.name_taken_floor-astra-393	0	8a6b807d6682d9446d9b75216bbd3844d203cdcc	true
atlas-phase8.json	case.p8.zone_rename.f2_row	1440	pass	17.034	12.05	predicate: all_of: input_value: value is 'Inbox', wanted 'Inbox' | hit_target: control owns all 9 hit points in viewport {'width': 1440, 'height': 900} with rect {'x': 237, 'y': 213, 'w': 362, 'h': 36}	case.p8.zone_rename.f2_row--1440/20260930T135504Z-case.p8.zone_rename.f2_row-astra-1440	0	8a6b807d6682d9446d9b75216bbd3844d203cdcc	true
atlas-phase8.json	case.p8.zone_rename.f2_row	393	pass	12.174	11.30	predicate: all_of: input_value: value is 'Inbox', wanted 'Inbox' | hit_target: control owns all 9 hit points in viewport {'width': 393, 'height': 852} with rect {'x': 77, 'y': 298, 'w': 247, 'h': 36}	case.p8.zone_rename.f2_row--393/20260930T135521Z-case.p8.zone_rename.f2_row-astra-393	0	8a6b807d6682d9446d9b75216bbd3844d203cdcc	true
atlas-phase8.json	case.p8.chair.no_new_zone	1440	pass	8.567	10.96	predicate: 'No matching tools or Desk items.' is readable in viewport {'width': 1440, 'height': 900} with rect {'x': 1031, 'y': 73, 'w': 382, 'h': 44}	case.p8.chair.no_new_zone--1440/20260930T135533Z-case.p8.chair.no_new_zone-astra-1440	0	8a6b807d6682d9446d9b75216bbd3844d203cdcc	true
atlas-phase8.json	case.p8.chair.no_new_zone	393	pass	8.036	10.11	predicate: 'No matching tools or Desk items.' is readable in viewport {'width': 393, 'height': 852} with rect {'x': 15, 'y': 51, 'w': 363, 'h': 44}	case.p8.chair.no_new_zone--393/20260930T135541Z-case.p8.chair.no_new_zone-astra-393	0	8a6b807d6682d9446d9b75216bbd3844d203cdcc	true
atlas-phase8.json	case.p8.list_delete.gone	1440	pass	35.895	10.50	predicate: all_of: protocol_reads: GET /api/decisions/decision_79b1dc58a7b5 answered 404 | readable_text: 'Removal committed' is readable in viewport {'width': 1440, 'height': 900} with rect {'x': 651, 'y': 788, 'w': 138, 'h': 27}	case.p8.list_delete.gone--1440/20260930T135549Z-case.p8.list_delete.gone-astra-1440	0	8a6b807d6682d9446d9b75216bbd3844d203cdcc	true
atlas-phase8.json	case.p8.list_delete.gone	393	pass	23.013	11.77	predicate: all_of: protocol_reads: GET /api/decisions/decision_7898a8a3fed7 answered 404 | readable_text: 'Removal committed' is readable in viewport {'width': 393, 'height': 852} with rect {'x': 127, 'y': 668, 'w': 138, 'h': 27}	case.p8.list_delete.gone--393/20260930T135625Z-case.p8.list_delete.gone-astra-393	0	8a6b807d6682d9446d9b75216bbd3844d203cdcc	true
atlas-phase8.json	case.p8.list_delete.undo	1440	pass	29.242	11.84	predicate: all_of: protocol_reads: GET /api/decisions/decision_e1e053ab63db answered 200 | readable_text: 'Restored Atlas list delete' is readable in viewport {'width': 1440, 'height': 900} with rect {'x': 621, 'y': 788, 'w': 198, 'h': 27}	case.p8.list_delete.undo--1440/20260930T135648Z-case.p8.list_delete.undo-astra-1440	0	8a6b807d6682d9446d9b75216bbd3844d203cdcc	true
atlas-phase8.json	case.p8.list_delete.undo	393	pass	14.076	10.41	predicate: all_of: protocol_reads: GET /api/decisions/decision_1d4aeda97e8f answered 200 | readable_text: 'Restored Atlas list delete' is readable in viewport {'width': 393, 'height': 852} with rect {'x': 98, 'y': 668, 'w': 198, 'h': 27}	case.p8.list_delete.undo--393/20260930T135718Z-case.p8.list_delete.undo-astra-393	0	8a6b807d6682d9446d9b75216bbd3844d203cdcc	true
atlas-phase8.json	case.p8.list_delete.long_list_393	1440	pass	33.87	9.65	predicate: all_of: protocol_reads: GET /api/decisions/decision_f378c8de722c answered 404 | readable_text: 'Removal committed' is readable in viewport {'width': 1440, 'height': 900} with rect {'x': 651, 'y': 788, 'w': 138, 'h': 27}	case.p8.list_delete.long_list_393--1440/20260930T135732Z-case.p8.list_delete.long_list_393-astra-1440	0	8a6b807d6682d9446d9b75216bbd3844d203cdcc	true
atlas-phase8.json	case.p8.list_delete.long_list_393	393	pass	29.82	14.39	predicate: all_of: protocol_reads: GET /api/decisions/decision_2395f93fcb6a answered 404 | readable_text: 'Removal committed' is readable in viewport {'width': 393, 'height': 852} with rect {'x': 127, 'y': 668, 'w': 138, 'h': 27}	case.p8.list_delete.long_list_393--393/20260930T135806Z-case.p8.list_delete.long_list_393-astra-393	0	8a6b807d6682d9446d9b75216bbd3844d203cdcc	true
atlas-phase8.json	case.p8.delete_twice.both_gone	1440	blocked	28.516	22.86	BLOCKED: ui step wait_for on '.desk-world-a11y' failed: TimeoutError: Locator.wait_for: Timeout 10000ms exceeded. Call log:   - waiting for locator(".desk-world-a11y").first     - locator resolved to visible <div class="desk-world-a11y">…</div> 	case.p8.delete_twice.both_gone--1440/20260930T135835Z-case.p8.delete_twice.both_gone-astra-1440	1	8a6b807d6682d9446d9b75216bbd3844d203cdcc	true
atlas-phase8.json	case.p8.delete_twice.both_gone	393	pass	29.234	19.70	predicate: all_of: protocol_reads: GET /api/decisions/decision_545f9e0f4239 answered 404; GET /api/decisions/decision_eb7faaefa56d answered 404 | readable_text: 'Removal committed' is readable in viewport {'width': 393, 'height': 852} with rect {'x': 127, 'y': 628, 'w': 138, 'h': 27}	case.p8.delete_twice.both_gone--393/20260930T135904Z-case.p8.delete_twice.both_gone-astra-393	0	8a6b807d6682d9446d9b75216bbd3844d203cdcc	true
atlas-phase8.json	case.p8.delete_then_leave.gone	1440	pass	26.974	16.08	predicate: all_of: protocol_status: DELETE /api/decisions/decision_85e6628b4f09 answered 200, wanted 200 (body sha256 59b85378801e) | protocol_reads: GET /api/decisions/decision_85e6628b4f09 answered 404	case.p8.delete_then_leave.gone--1440/20260930T135933Z-case.p8.delete_then_leave.gone-astra-1440	0	8a6b807d6682d9446d9b75216bbd3844d203cdcc	true
atlas-phase8.json	case.p8.delete_then_leave.gone	393	pass	17.27	12.78	predicate: all_of: protocol_status: DELETE /api/decisions/decision_d78382827560 answered 200, wanted 200 (body sha256 4520ff8d5606) | protocol_reads: GET /api/decisions/decision_d78382827560 answered 404	case.p8.delete_then_leave.gone--393/20260930T140000Z-case.p8.delete_then_leave.gone-astra-393	0	8a6b807d6682d9446d9b75216bbd3844d203cdcc	true
atlas-phase8.json	case.p8.chair.delete_withheld	1440	pass	21.22	11.18	predicate: all_of: readable_text: 'Open the Floor or the list' is readable in viewport {'width': 1440, 'height': 900} with rect {'x': 1031, 'y': 96, 'w': 382, 'h': 26} | attr_equals: aria-disabled='true', wanted 'true' | protocol_reads: GET /api/decisions/decision_20bc00ee7abf answered 200	case.p8.chair.delete_withheld--1440/20260930T140017Z-case.p8.chair.delete_withheld-astra-1440	0	8a6b807d6682d9446d9b75216bbd3844d203cdcc	true
atlas-phase8.json	case.p8.chair.delete_withheld	393	pass	15.369	9.60	predicate: all_of: readable_text: 'Open the Floor or the list' is readable in viewport {'width': 393, 'height': 852} with rect {'x': 15, 'y': 74, 'w': 363, 'h': 26} | attr_equals: aria-disabled='true', wanted 'true' | protocol_reads: GET /api/decisions/decision_2504cd5f1cd3 answered 200	case.p8.chair.delete_withheld--393/20260930T140039Z-case.p8.chair.delete_withheld-astra-393	0	8a6b807d6682d9446d9b75216bbd3844d203cdcc	true
atlas-phase8.json	case.p8.decision_heads.hidden	1440	pass	9.116	8.57	predicate: all_of: readable_text: 'DECISION CONTEXT' is readable in viewport {'width': 1440, 'height': 900} with rect {'x': 1037, 'y': 117, 'w': 370, 'h': 94} | text_absent: 'CONSEQUENCES' absent at observe_at	case.p8.decision_heads.hidden--1440/20260930T140054Z-case.p8.decision_heads.hidden-astra-1440	0	8a6b807d6682d9446d9b75216bbd3844d203cdcc	true
atlas-phase8.json	case.p8.decision_heads.hidden	393	pass	9.038	8.36	predicate: all_of: readable_text: 'DECISION CONTEXT' is readable in viewport {'width': 393, 'height': 852} with rect {'x': 15, 'y': 439, 'w': 363, 'h': 122} | text_absent: 'CONSEQUENCES' absent at observe_at	case.p8.decision_heads.hidden--393/20260930T140103Z-case.p8.decision_heads.hidden-astra-393	0	8a6b807d6682d9446d9b75216bbd3844d203cdcc	true
atlas-phase8.json	case.p8.zone_create.second_unnamed.op	op	pass	2.873	7.93	predicate: all 3 facts hold: observe_at <root> holds; observe_at <root> holds; the trigger operation_id is absent	case.p8.zone_create.second_unnamed.op--op/20260930T140112Z-case.p8.zone_create.second_unnamed.op-astra-1440	0	8a6b807d6682d9446d9b75216bbd3844d203cdcc	true
atlas-phase8.json	case.p8.zone_rename.list.op	op	pass	2.858	7.78	predicate: all 3 facts hold: observe_at directory.id holds; observe_at directory.name holds; the trigger operation_id is absent	case.p8.zone_rename.list.op--op/20260930T140115Z-case.p8.zone_rename.list.op-astra-1440	0	8a6b807d6682d9446d9b75216bbd3844d203cdcc	true
atlas-phase8.json	case.p8.zone_rename.name_taken_list.op	op	pass	2.859	7.78	predicate: all 3 facts hold: the trigger error holds; the trigger existing_name holds; observe_at directory.name holds	case.p8.zone_rename.name_taken_list.op--op/20260930T140118Z-case.p8.zone_rename.name_taken_list.op-astra-1440	0	8a6b807d6682d9446d9b75216bbd3844d203cdcc	true
atlas-phase8.json	case.p8.list_delete.gone.op	op	pass	2.851	7.40	predicate: all 7 facts hold: observe_at <root> holds; op read #0 (decision.read) error holds; op read #1 (kernel.receipt.read) objects.0.receipt.operation_id holds; op read #1 (kernel.receipt.read) objects.0.operation.name holds; op read #1 (kernel.receipt.read) objects.0.receipt.state holds; op rea	case.p8.list_delete.gone.op--op/20260930T140121Z-case.p8.list_delete.gone.op-astra-1440	0	8a6b807d6682d9446d9b75216bbd3844d203cdcc	true
atlas-phase8.json	case.p8.delete_twice.both_gone.op	op	pass	2.896	7.40	predicate: all 10 facts hold: observe_at <root> holds; observe_at <root> holds; op read #0 (kernel.receipt.read) objects.0.receipt.operation_id holds; op read #0 (kernel.receipt.read) objects.0.receipt.state holds; op read #0 (kernel.receipt.read) objects.0.receipt.actor_kind holds; op read #0 (kern	case.p8.delete_twice.both_gone.op--op/20260930T140124Z-case.p8.delete_twice.both_gone.op-astra-1440	0	8a6b807d6682d9446d9b75216bbd3844d203cdcc	true
atlas-phase9.json	case.p9.list_status.shown	1440	pass	19.53	7.41	predicate: '2 SHOWN OF 2' is readable in viewport {'width': 1440, 'height': 900} with rect {'x': 1156, 'y': 76, 'w': 95, 'h': 16}	case.p9.list_status.shown--1440/20260930T140127Z-case.p9.list_status.shown-astra-1440	0	8a6b807d6682d9446d9b75216bbd3844d203cdcc	true
atlas-phase9.json	case.p9.list_status.shown	393	pass	13.367	7.39	predicate: '2 SHOWN OF 2' is readable in viewport {'width': 393, 'height': 852} with rect {'x': 29, 'y': 127, 'w': 95, 'h': 16}	case.p9.list_status.shown--393/20260930T140146Z-case.p9.list_status.shown-astra-393	0	8a6b807d6682d9446d9b75216bbd3844d203cdcc	true
atlas-phase9.json	case.p9.list_columns.in_view	1440	pass	19.49	7.50	predicate: 'PERSONAL' is readable in viewport {'width': 1440, 'height': 900} with rect {'x': 179, 'y': 174, 'w': 1082, 'h': 41}	case.p9.list_columns.in_view--1440/20260930T140159Z-case.p9.list_columns.in_view-astra-1440	0	8a6b807d6682d9446d9b75216bbd3844d203cdcc	true
atlas-phase9.json	case.p9.list_columns.in_view	393	pass	12.975	6.65	predicate: 'PERSONAL' is readable in viewport {'width': 393, 'height': 852} with rect {'x': 19, 'y': 249, 'w': 355, 'h': 78}	case.p9.list_columns.in_view--393/20260930T140219Z-case.p9.list_columns.in_view-astra-393	0	8a6b807d6682d9446d9b75216bbd3844d203cdcc	true
atlas-phase9.json	case.p9.list_sort.zone_pressed	1440	pass	19.636	7.38	predicate: aria-pressed='true', wanted 'true'	case.p9.list_sort.zone_pressed--1440/20260930T140232Z-case.p9.list_sort.zone_pressed-astra-1440	0	8a6b807d6682d9446d9b75216bbd3844d203cdcc	true
atlas-phase9.json	case.p9.list_sort.zone_pressed	393	pass	12.858	6.40	predicate: aria-pressed='true', wanted 'true'	case.p9.list_sort.zone_pressed--393/20260930T140251Z-case.p9.list_sort.zone_pressed-astra-393	0	8a6b807d6682d9446d9b75216bbd3844d203cdcc	true
atlas-phase9.json	case.p9.list_row_menu.delete_in_view	1440	pass	24.546	12.71	predicate: control owns all 9 hit points in viewport {'width': 1440, 'height': 900} with rect {'x': 206, 'y': 847, 'w': 272, 'h': 28}	case.p9.list_row_menu.delete_in_view--1440/20260930T140304Z-case.p9.list_row_menu.delete_in_view-astra-1440	0	8a6b807d6682d9446d9b75216bbd3844d203cdcc	true
atlas-phase9.json	case.p9.list_row_menu.delete_in_view	393	pass	22.962	20.68	predicate: control owns all 9 hit points in viewport {'width': 393, 'height': 852} with rect {'x': 11, 'y': 797, 'w': 371, 'h': 44}	case.p9.list_row_menu.delete_in_view--393/20260930T140329Z-case.p9.list_row_menu.delete_in_view-astra-393	0	8a6b807d6682d9446d9b75216bbd3844d203cdcc	true
atlas-phase9.json	case.p9.room_items.late_row	1440	pass	9.011	21.18	predicate: 'DAYS LATE' is readable in viewport {'width': 1440, 'height': 900} with rect {'x': 668, 'y': 361, 'w': 125, 'h': 18}	case.p9.room_items.late_row--1440/20260930T140352Z-case.p9.room_items.late_row-astra-1440	0	8a6b807d6682d9446d9b75216bbd3844d203cdcc	true
atlas-phase9.json	case.p9.room_items.late_row	393	pass	7.316	18.46	predicate: 'DAYS LATE' is readable in viewport {'width': 393, 'height': 852} with rect {'x': 31, 'y': 571, 'w': 125, 'h': 18}	case.p9.room_items.late_row--393/20260930T140401Z-case.p9.room_items.late_row-astra-393	0	8a6b807d6682d9446d9b75216bbd3844d203cdcc	true
atlas-phase9.json	case.p9.update_list.head_updates	1440	pass	8.613	17.23	predicate: 'UPDATES 1' is readable in viewport {'width': 1440, 'height': 900} with rect {'x': 43, 'y': 167, 'w': 71, 'h': 18}	case.p9.update_list.head_updates--1440/20260930T140408Z-case.p9.update_list.head_updates-astra-1440	0	8a6b807d6682d9446d9b75216bbd3844d203cdcc	true
atlas-phase9.json	case.p9.update_list.head_updates	393	pass	8.491	15.10	predicate: 'UPDATES 1' is readable in viewport {'width': 393, 'height': 852} with rect {'x': 19, 'y': 531, 'w': 71, 'h': 18}	case.p9.update_list.head_updates--393/20260930T140417Z-case.p9.update_list.head_updates-astra-393	0	8a6b807d6682d9446d9b75216bbd3844d203cdcc	true
atlas-phase9.json	case.p9.update.delivered_row	1440	pass	9.013	13.63	predicate: all_of: protocol_status: POST /api/updates/pupd_54a1298dc61642c48184eb1032031380/delivered answered 200, wanted 200 (body sha256 9d30ab02fde0); response body contains the declared admission facts | readable_text: 'Priya' is readable in viewport {'width': 1440, 'height': 900} with rect {'x	case.p9.update.delivered_row--1440/20260930T140425Z-case.p9.update.delivered_row-astra-1440	0	8a6b807d6682d9446d9b75216bbd3844d203cdcc	true
atlas-phase9.json	case.p9.update.delivered_row	393	pass	8.799	11.69	predicate: all_of: protocol_status: POST /api/updates/pupd_6402f22986d9487c94243e8d9eca935a/delivered answered 200, wanted 200 (body sha256 407b9eb845ac); response body contains the declared admission facts | readable_text: 'Priya' is readable in viewport {'width': 393, 'height': 852} with rect {'x'	case.p9.update.delivered_row--393/20260930T140434Z-case.p9.update.delivered_row-astra-393	0	8a6b807d6682d9446d9b75216bbd3844d203cdcc	true
atlas-phase9.json	case.p9.room_steward_verb.owned	1440	pass	8.073	10.99	predicate: control owns all 9 hit points in viewport {'width': 1440, 'height': 900} with rect {'x': 731, 'y': 432, 'w': 68, 'h': 24}	case.p9.room_steward_verb.owned--1440/20260930T140443Z-case.p9.room_steward_verb.owned-astra-1440	0	8a6b807d6682d9446d9b75216bbd3844d203cdcc	true
atlas-phase9.json	case.p9.room_steward_verb.owned	393	pass	7.979	9.52	predicate: control owns all 9 hit points in viewport {'width': 393, 'height': 852} with rect {'x': 300, 'y': 350, 'w': 68, 'h': 24}	case.p9.room_steward_verb.owned--393/20260930T140451Z-case.p9.room_steward_verb.owned-astra-393	0	8a6b807d6682d9446d9b75216bbd3844d203cdcc	true
atlas-phase9.json	case.p9.grant.project_allowed	1440	pass	8.728	8.45	predicate: all_of: protocol_status: PUT /api/settings/remote/delegations/sweep-runner/projects/proj-2b0ae2ff7658 answered 200, wanted 200 (body sha256 2eb91af12898); response body contains the declared admission facts | readable_text: 'RUN AND PUBLISH ALLOWED' is readable in viewport {'width': 1440,	case.p9.grant.project_allowed--1440/20260930T140459Z-case.p9.grant.project_allowed-astra-1440	0	8a6b807d6682d9446d9b75216bbd3844d203cdcc	true
atlas-phase9.json	case.p9.grant.project_allowed	393	pass	8.117	8.90	predicate: all_of: protocol_status: PUT /api/settings/remote/delegations/sweep-runner/projects/proj-0351de18b9b0 answered 200, wanted 200 (body sha256 55fcfbd7b06a); response body contains the declared admission facts | readable_text: 'RUN AND PUBLISH ALLOWED' is readable in viewport {'width': 393, 	case.p9.grant.project_allowed--393/20260930T140508Z-case.p9.grant.project_allowed-astra-393	0	8a6b807d6682d9446d9b75216bbd3844d203cdcc	true
atlas-phase9.json	case.p9.grant_route.project_allowed	op	pass	2.89	8.74	predicate: GET /api/settings/remote answered 200 with 1 row(s) {'identity': 'sweep-runner', 'project_delegations.0.project_id': 'proj-18f6d54600e1', 'project_delegations.0.state': 'LIVE'}; GET /api/kernel/read?refs=operation:op_0cfe8d1c7a544e5084dcea88d20a550a&view=receipt answered 200 with 1 row(s)	case.p9.grant_route.project_allowed--op/20260930T140516Z-case.p9.grant_route.project_allowed-astra-1440	0	8a6b807d6682d9446d9b75216bbd3844d203cdcc	true
atlas-phase9.json	case.p9.grant.desk_reads_desk	1440	pass	8.657	8.04	predicate: all_of: protocol_reads: GET /api/settings/remote answered 200 with 1 row(s) {'identity': 'desk-agent', 'palette': 'DESK'} | readable_text: 'DESK' is readable in viewport {'width': 1440, 'height': 900} with rect {'x': 770, 'y': 590, 'w': 46, 'h': 18}	case.p9.grant.desk_reads_desk--1440/20260930T140519Z-case.p9.grant.desk_reads_desk-astra-1440	0	8a6b807d6682d9446d9b75216bbd3844d203cdcc	true
atlas-phase9.json	case.p9.grant.desk_reads_desk	393	pass	8.078	7.27	predicate: all_of: protocol_reads: GET /api/settings/remote answered 200 with 1 row(s) {'identity': 'desk-agent', 'palette': 'DESK'} | readable_text: 'DESK' is readable in viewport {'width': 393, 'height': 852} with rect {'x': 99, 'y': 308, 'w': 46, 'h': 18}	case.p9.grant.desk_reads_desk--393/20260930T140528Z-case.p9.grant.desk_reads_desk-astra-393	0	8a6b807d6682d9446d9b75216bbd3844d203cdcc	true
atlas-phase9.json	case.p9.connections.never_checked_face	1440	pass	7.289	6.85	predicate: all_of: readable_text: 'NEVER CHECKED' is readable in viewport {'width': 1440, 'height': 900} with rect {'x': 131, 'y': 190, 'w': 137, 'h': 18} | protocol_reads: GET /api/connections answered 200 with 1 row(s) {'provider_id': 'github', 'state': 'never_checked', 'last_checked_at': None}	case.p9.connections.never_checked_face--1440/20260930T140536Z-case.p9.connections.never_checked_face-astra-1440	0	8a6b807d6682d9446d9b75216bbd3844d203cdcc	true
atlas-phase9.json	case.p9.connections.never_checked_face	393	pass	7.225	6.46	predicate: all_of: readable_text: 'NEVER CHECKED' is readable in viewport {'width': 393, 'height': 852} with rect {'x': 24, 'y': 231, 'w': 137, 'h': 18} | protocol_reads: GET /api/connections answered 200 with 1 row(s) {'provider_id': 'github', 'state': 'never_checked', 'last_checked_at': None}	case.p9.connections.never_checked_face--393/20260930T140543Z-case.p9.connections.never_checked_face-astra-393	0	8a6b807d6682d9446d9b75216bbd3844d203cdcc	true
atlas-phase9.json	case.p9.update.delivered_row.op	op	pass	2.884	6.02	predicate: all 7 facts hold: observe_at updates holds; observe_at updates.0.deliveries holds; observe_at updates.0.deliveries.0.delivered_to holds; observe_at updates.0.deliveries.0.operation_id holds; op read #0 (kernel.receipt.read) objects.0.operation.name holds; op read #0 (kernel.receipt.read) 	case.p9.update.delivered_row.op--op/20260930T140550Z-case.p9.update.delivered_row.op-astra-1440	0	8a6b807d6682d9446d9b75216bbd3844d203cdcc	true
atlas-phase9-steward.json	case.p9.steward.run_receipted	op	pass	2.903	6.02	predicate: all 9 facts hold: observe_at run.state holds; observe_at operation_id holds; observe_at receipt.outcome holds; the trigger receipt holds; op read #0 (kernel.receipt.read) objects.0.operation.name holds; op read #0 (kernel.receipt.read) objects.0.receipt.state holds; op read #0 (kernel.rec	case.p9.steward.run_receipted--op/20260930T140553Z-case.p9.steward.run_receipted-astra-1440	0	8a6b807d6682d9446d9b75216bbd3844d203cdcc	true
atlas-phase9-steward.json	case.p9.update.mark_delivered_receipted	op	pass	2.889	5.70	predicate: all 7 facts hold: observe_at updates holds; observe_at updates.0.deliveries holds; observe_at updates.0.deliveries.0.operation_id holds; observe_at updates.0.deliveries.0.delivered_to holds; op read #0 (kernel.receipt.read) objects.0.operation.name holds; op read #0 (kernel.receipt.read) 	case.p9.update.mark_delivered_receipted--op/20260930T140556Z-case.p9.update.mark_delivered_receipted-astra-1440	0	8a6b807d6682d9446d9b75216bbd3844d203cdcc	true
atlas-phase9-steward.json	case.p9.project.archive_receipted	op	pass	2.874	5.70	predicate: all 5 facts hold: observe_at is_archived holds; the trigger success holds; op read #0 (kernel.receipt.read) objects.0.operation.name holds; op read #0 (kernel.receipt.read) objects.0.receipt.state holds; op read #0 (kernel.receipt.read) objects.0.receipt.actor_kind holds	case.p9.project.archive_receipted--op/20260930T140559Z-case.p9.project.archive_receipted-astra-1440	0	8a6b807d6682d9446d9b75216bbd3844d203cdcc	true
atlas-phase9-steward.json	case.p9.connections.never_checked	op	pass	2.906	5.32	predicate: all 4 facts hold: the trigger tools holds; the trigger tools holds; the trigger operation_id is absent; observe_at tools holds	case.p9.connections.never_checked--op/20260930T140602Z-case.p9.connections.never_checked-astra-1440	0	8a6b807d6682d9446d9b75216bbd3844d203cdcc	true
atlas-phase10.json	case.p10.send.no_destination	1440	pass	8.22	5.22	predicate: all_of: readable_text: 'NO DESTINATION' is readable in viewport {'width': 1440, 'height': 900} with rect {'x': 39, 'y': 227, 'w': 770, 'h': 24} | readable_text: 'Add destination' is readable in viewport {'width': 1440, 'height': 900} with rect {'x': 39, 'y': 227, 'w': 770, 'h': 24} | prot	case.p10.send.no_destination--1440/20260930T140605Z-case.p10.send.no_destination-astra-1440	0	8a6b807d6682d9446d9b75216bbd3844d203cdcc	true
atlas-phase10.json	case.p10.send.no_destination	393	pass	8.101	5.28	predicate: all_of: readable_text: 'NO DESTINATION' is readable in viewport {'width': 393, 'height': 852} with rect {'x': 15, 'y': 273, 'w': 363, 'h': 52} | readable_text: 'Add destination' is readable in viewport {'width': 393, 'height': 852} with rect {'x': 15, 'y': 273, 'w': 363, 'h': 52} | protoc	case.p10.send.no_destination--393/20260930T140613Z-case.p10.send.no_destination-astra-393	0	8a6b807d6682d9446d9b75216bbd3844d203cdcc	true
atlas-phase10.json	case.p10.send.destinations_listed	1440	pass	8.449	4.92	predicate: all_of: readable_text: 'THIS DEVICE' is readable in viewport {'width': 1440, 'height': 900} with rect {'x': 39, 'y': 237, 'w': 770, 'h': 134} | readable_text: 'GITHUB.COM' is readable in viewport {'width': 1440, 'height': 900} with rect {'x': 39, 'y': 237, 'w': 770, 'h': 134} | readable_t	case.p10.send.destinations_listed--1440/20260930T140621Z-case.p10.send.destinations_listed-astra-1440	0	8a6b807d6682d9446d9b75216bbd3844d203cdcc	true
atlas-phase10.json	case.p10.send.destinations_listed	393	pass	8.363	4.77	predicate: all_of: readable_text: 'THIS DEVICE' is readable in viewport {'width': 393, 'height': 852} with rect {'x': 15, 'y': 265, 'w': 363, 'h': 186} | readable_text: 'GITHUB.COM' is readable in viewport {'width': 393, 'height': 852} with rect {'x': 15, 'y': 265, 'w': 363, 'h': 186} | readable_tex	case.p10.send.destinations_listed--393/20260930T140629Z-case.p10.send.destinations_listed-astra-393	0	8a6b807d6682d9446d9b75216bbd3844d203cdcc	true
atlas-phase10.json	case.p10.send.destinations_listed.op	op	pass	2.875	4.95	predicate: all 7 facts hold: observe_at destinations holds; observe_at destinations holds; observe_at destinations holds; op read #0 (kernel.receipt.read) objects.0.operation.name holds; op read #0 (kernel.receipt.read) objects.0.receipt.operation_id holds; op read #0 (kernel.receipt.read) objects.0	case.p10.send.destinations_listed.op--op/20260930T140638Z-case.p10.send.destinations_listed.op-astra-1440	0	8a6b807d6682d9446d9b75216bbd3844d203cdcc	true
atlas-phase10.json	case.p10.send.destination_picked	1440	pass	8.434	4.72	predicate: all_of: protocol_status: POST /api/channels/preview answered 200, wanted 200 (body sha256 d7181238aaf9); response body contains the declared admission facts | readable_text: 'Send' is readable in viewport {'width': 1440, 'height': 900} with rect {'x': 75, 'y': 366, 'w': 714, 'h': 24} | re	case.p10.send.destination_picked--1440/20260930T140641Z-case.p10.send.destination_picked-astra-1440	0	8a6b807d6682d9446d9b75216bbd3844d203cdcc	true
atlas-phase10.json	case.p10.send.destination_picked	393	pass	8.838	6.66	predicate: all_of: protocol_status: POST /api/channels/preview answered 200, wanted 200 (body sha256 45d192eca7a2); response body contains the declared admission facts | readable_text: 'Send' is readable in viewport {'width': 393, 'height': 852} with rect {'x': 51, 'y': 480, 'w': 307, 'h': 52} | rea	case.p10.send.destination_picked--393/20260930T140649Z-case.p10.send.destination_picked-astra-393	0	8a6b807d6682d9446d9b75216bbd3844d203cdcc	true
atlas-phase10.json	case.p10.send.sending	1440	pass	10.755	5.78	predicate: all_of: readable_text: 'SENDING' is readable in viewport {'width': 1440, 'height': 900} with rect {'x': 305, 'y': 376, 'w': 88, 'h': 18} | protocol_reads: GET /api/channels/sends?document_ref=project_update:pupd_ee67ba15ccdd47038334bd46ecb25a2a answered 200 with 1 row(s) {'state': 'dispat	case.p10.send.sending--1440/20260930T140658Z-case.p10.send.sending-astra-1440	0	8a6b807d6682d9446d9b75216bbd3844d203cdcc	true
atlas-phase10.json	case.p10.send.sending	393	pass	11.289	5.82	predicate: all_of: readable_text: 'SENDING' is readable in viewport {'width': 393, 'height': 852} with rect {'x': 51, 'y': 418, 'w': 88, 'h': 18} | protocol_reads: GET /api/channels/sends?document_ref=project_update:pupd_a9315f2a080e418f9c9cb2b4184d794b answered 200 with 1 row(s) {'state': 'dispatch	case.p10.send.sending--393/20260930T140709Z-case.p10.send.sending-astra-393	0	8a6b807d6682d9446d9b75216bbd3844d203cdcc	true
atlas-phase10.json	case.p10.send.sent	1440	pass	8.839	5.22	predicate: all_of: protocol_status: POST /api/channels/send answered 200, wanted 200 (body sha256 814839954c04); response body contains the declared admission facts | readable_text: 'SAVED' is readable in viewport {'width': 1440, 'height': 900} with rect {'x': 75, 'y': 396, 'w': 714, 'h': 50} | prot	case.p10.send.sent--1440/20260930T140720Z-case.p10.send.sent-astra-1440	0	8a6b807d6682d9446d9b75216bbd3844d203cdcc	true
atlas-phase10.json	case.p10.send.sent	393	pass	9.205	4.97	predicate: all_of: protocol_status: POST /api/channels/send answered 200, wanted 200 (body sha256 122135d5f6e3); response body contains the declared admission facts | readable_text: 'SAVED' is readable in viewport {'width': 393, 'height': 852} with rect {'x': 51, 'y': 394, 'w': 307, 'h': 74} | proto	case.p10.send.sent--393/20260930T140729Z-case.p10.send.sent-astra-393	0	8a6b807d6682d9446d9b75216bbd3844d203cdcc	true
atlas-phase10.json	case.p10.send.sent.op	op	pass	2.903	4.73	predicate: all 12 facts hold: the trigger outcome holds; observe_at updates.0.deliveries holds; observe_at updates.0.deliveries.0.outcome holds; observe_at updates.0.deliveries.0.channel holds; observe_at updates.0.deliveries.0.operation_id holds; op read #0 (kernel.receipt.read) objects.0.operation	case.p10.send.sent.op--op/20260930T140738Z-case.p10.send.sent.op-astra-1440	0	8a6b807d6682d9446d9b75216bbd3844d203cdcc	true
atlas-phase10.json	case.p10.send.github_posted	1440	pass	8.815	4.81	predicate: all_of: protocol_status: POST /api/channels/send answered 200, wanted 200 (body sha256 c9fe9543a5b5); response body contains the declared admission facts | readable_text: 'POSTED' is readable in viewport {'width': 1440, 'height': 900} with rect {'x': 281, 'y': 372, 'w': 246, 'h': 27} | pr	case.p10.send.github_posted--1440/20260930T140741Z-case.p10.send.github_posted-astra-1440	0	8a6b807d6682d9446d9b75216bbd3844d203cdcc	true
atlas-phase10.json	case.p10.send.github_posted	393	pass	9.221	4.22	predicate: all_of: protocol_status: POST /api/channels/send answered 200, wanted 200 (body sha256 c6465c67912a); response body contains the declared admission facts | readable_text: 'POSTED' is readable in viewport {'width': 393, 'height': 852} with rect {'x': 51, 'y': 416, 'w': 246, 'h': 55} | prot	case.p10.send.github_posted--393/20260930T140750Z-case.p10.send.github_posted-astra-393	0	8a6b807d6682d9446d9b75216bbd3844d203cdcc	true
atlas-phase10.json	case.p10.send.github_posted.op	op	pass	2.901	4.22	predicate: all_of: op_facts: all 9 facts hold: the trigger outcome holds; the trigger send.proof.url holds; observe_at updates.0.deliveries holds; observe_at updates.0.deliveries.0.channel holds; observe_at updates.0.deliveries.0.operation_id holds; op read #0 (kernel.receipt.read) objects.0.operati	case.p10.send.github_posted.op--op/20260930T140759Z-case.p10.send.github_posted.op-astra-1440	0	8a6b807d6682d9446d9b75216bbd3844d203cdcc	true
atlas-phase10.json	case.p10.send.refused	1440	pass	8.839	4.41	predicate: all_of: protocol_status: POST /api/channels/send answered 409, wanted 409 (body sha256 f8b898657470); response body contains the declared admission facts | readable_text: 'DESTINATION PARKED' is readable in viewport {'width': 1440, 'height': 900} with rect {'x': 246, 'y': 369, 'w': 369, '	case.p10.send.refused--1440/20260930T140802Z-case.p10.send.refused-astra-1440	0	8a6b807d6682d9446d9b75216bbd3844d203cdcc	true
atlas-phase10.json	case.p10.send.refused	393	pass	9.227	3.96	predicate: all_of: protocol_status: POST /api/channels/send answered 409, wanted 409 (body sha256 2d637bf44f67); response body contains the declared admission facts | readable_text: 'DESTINATION PARKED' is readable in viewport {'width': 393, 'height': 852} with rect {'x': 51, 'y': 394, 'w': 307, 'h'	case.p10.send.refused--393/20260930T140811Z-case.p10.send.refused-astra-393	0	8a6b807d6682d9446d9b75216bbd3844d203cdcc	true
atlas-phase10.json	case.p10.send.refused.op	op	pass	2.905	3.96	predicate: all 8 facts hold: the trigger code holds; observe_at sends holds; op read #0 (kernel.receipt.read) objects.0.operation.name holds; op read #0 (kernel.receipt.read) objects.0.receipt.operation_id holds; op read #0 (kernel.receipt.read) objects.0.receipt.state holds; op read #0 (kernel.rece	case.p10.send.refused.op--op/20260930T140820Z-case.p10.send.refused.op-astra-1440	0	8a6b807d6682d9446d9b75216bbd3844d203cdcc	true
atlas-phase10.json	case.p10.send.failed	1440	pass	8.839	3.82	predicate: all_of: protocol_status: POST /api/channels/send answered 200, wanted 200 (body sha256 55516776cb5b); response body contains the declared admission facts | readable_text: 'FAILED' is readable in viewport {'width': 1440, 'height': 900} with rect {'x': 281, 'y': 375, 'w': 337, 'h': 18} | re	case.p10.send.failed--1440/20260930T140823Z-case.p10.send.failed-astra-1440	0	8a6b807d6682d9446d9b75216bbd3844d203cdcc	true
atlas-phase10.json	case.p10.send.failed	393	pass	9.175	3.61	predicate: all_of: protocol_status: POST /api/channels/send answered 200, wanted 200 (body sha256 7397a42739b1); response body contains the declared admission facts | readable_text: 'FAILED' is readable in viewport {'width': 393, 'height': 852} with rect {'x': 51, 'y': 416, 'w': 307, 'h': 42} | read	case.p10.send.failed--393/20260930T140832Z-case.p10.send.failed-astra-393	0	8a6b807d6682d9446d9b75216bbd3844d203cdcc	true
atlas-phase10.json	case.p10.send.failed.op	op	pass	2.92	3.72	predicate: all_of: op_facts: all 8 facts hold: the trigger outcome holds; observe_at sends.0.state holds; observe_at sends.0.reason holds; op read #0 (kernel.receipt.read) objects.0.operation.name holds; op read #0 (kernel.receipt.read) objects.0.receipt.operation_id holds; op read #0 (kernel.receip	case.p10.send.failed.op--op/20260930T140841Z-case.p10.send.failed.op-astra-1440	0	8a6b807d6682d9446d9b75216bbd3844d203cdcc	true
atlas-phase10.json	case.p10.send.unknown	1440	pass	8.84	3.66	predicate: all_of: protocol_status: POST /api/channels/send answered 200, wanted 200 (body sha256 c5efd200aba5); response body contains the declared admission facts | readable_text: 'Check acme/payments #42' is readable in viewport {'width': 1440, 'height': 900} with rect {'x': 281, 'y': 372, 'w': 1	case.p10.send.unknown--1440/20260930T140844Z-case.p10.send.unknown-astra-1440	0	8a6b807d6682d9446d9b75216bbd3844d203cdcc	true
atlas-phase10.json	case.p10.send.unknown	393	pass	8.65	3.71	predicate: all_of: protocol_status: POST /api/channels/send answered 200, wanted 200 (body sha256 fb89d7691427); response body contains the declared admission facts | readable_text: 'Check acme/payments #42' is readable in viewport {'width': 393, 'height': 852} with rect {'x': 51, 'y': 430, 'w': 184	case.p10.send.unknown--393/20260930T140853Z-case.p10.send.unknown-astra-393	0	8a6b807d6682d9446d9b75216bbd3844d203cdcc	true
atlas-phase10.json	case.p10.send.unknown.op	op	pass	2.906	3.57	predicate: all_of: op_facts: all 8 facts hold: the trigger outcome holds; observe_at updates.0.deliveries holds; observe_at updates.0.deliveries.0.outcome holds; observe_at updates.0.deliveries.0.operation_id holds; op read #0 (kernel.receipt.read) objects.0.operation.name holds; op read #0 (kernel.	case.p10.send.unknown.op--op/20260930T140901Z-case.p10.send.unknown.op-astra-1440	0	8a6b807d6682d9446d9b75216bbd3844d203cdcc	true
atlas-phase10.json	case.p10.send.unknown_after_restart	1440	pass	13.499	3.63	predicate: all_of: readable_text: 'INTERRUPTED' is readable in viewport {'width': 1440, 'height': 900} with rect {'x': 39, 'y': 365, 'w': 770, 'h': 28} | readable_text: 'RESULT UNKNOWN' is readable in viewport {'width': 1440, 'height': 900} with rect {'x': 39, 'y': 365, 'w': 770, 'h': 28} | protocol	case.p10.send.unknown_after_restart--1440/20260930T140904Z-case.p10.send.unknown_after_restart-astra-1440	0	8a6b807d6682d9446d9b75216bbd3844d203cdcc	true
atlas-phase10.json	case.p10.send.unknown_after_restart	393	pass	12.742	4.09	predicate: all_of: readable_text: 'INTERRUPTED' is readable in viewport {'width': 393, 'height': 852} with rect {'x': 15, 'y': 306, 'w': 363, 'h': 104} | readable_text: 'RESULT UNKNOWN' is readable in viewport {'width': 393, 'height': 852} with rect {'x': 15, 'y': 306, 'w': 363, 'h': 104} | protocol	case.p10.send.unknown_after_restart--393/20260930T140918Z-case.p10.send.unknown_after_restart-astra-393	0	8a6b807d6682d9446d9b75216bbd3844d203cdcc	true
atlas-phase10.json	case.p10.send.destination_changed	1440	pass	8.404	4.14	predicate: all_of: protocol_status: POST /api/channels/send answered 409, wanted 409 (body sha256 5a61280a17f7); response body contains the declared admission facts | readable_text: 'DESTINATION PARKED' is readable in viewport {'width': 1440, 'height': 900} with rect {'x': 300, 'y': 269, 'w': 177, '	case.p10.send.destination_changed--1440/20260930T140930Z-case.p10.send.destination_changed-astra-1440	0	8a6b807d6682d9446d9b75216bbd3844d203cdcc	true
atlas-phase10.json	case.p10.send.destination_changed	393	pass	8.384	3.97	predicate: all_of: protocol_status: POST /api/channels/send answered 409, wanted 409 (body sha256 bbe3374d63bf); response body contains the declared admission facts | readable_text: 'DESTINATION PARKED' is readable in viewport {'width': 393, 'height': 852} with rect {'x': 47, 'y': 337, 'w': 177, 'h'	case.p10.send.destination_changed--393/20260930T140939Z-case.p10.send.destination_changed-astra-393	0	8a6b807d6682d9446d9b75216bbd3844d203cdcc	true
atlas-phase10.json	case.p10.send.destination_changed.op	op	pass	2.869	3.89	predicate: all 8 facts hold: the trigger code holds; observe_at sends holds; observe_at sends.0.id holds; observe_at sends.0.state holds; op read #0 (kernel.receipt.read) objects.0.operation.name holds; op read #0 (kernel.receipt.read) objects.0.receipt.operation_id holds; op read #0 (kernel.receipt	case.p10.send.destination_changed.op--op/20260930T140947Z-case.p10.send.destination_changed.op-astra-1440	0	8a6b807d6682d9446d9b75216bbd3844d203cdcc	true
atlas-phase10.json	case.p10.send.prepared	1440	pass	8.221	3.90	predicate: all_of: readable_text: 'PREPARED' is readable in viewport {'width': 1440, 'height': 900} with rect {'x': 39, 'y': 237, 'w': 770, 'h': 56} | readable_text: 'BY YOU' is readable in viewport {'width': 1440, 'height': 900} with rect {'x': 39, 'y': 237, 'w': 770, 'h': 56} | protocol_reads: GET	case.p10.send.prepared--1440/20260930T140950Z-case.p10.send.prepared-astra-1440	0	8a6b807d6682d9446d9b75216bbd3844d203cdcc	true
atlas-phase10.json	case.p10.send.prepared	393	pass	8.034	4.12	predicate: all_of: readable_text: 'PREPARED' is readable in viewport {'width': 393, 'height': 852} with rect {'x': 15, 'y': 283, 'w': 363, 'h': 78} | readable_text: 'BY YOU' is readable in viewport {'width': 393, 'height': 852} with rect {'x': 15, 'y': 283, 'w': 363, 'h': 78} | protocol_reads: GET /	case.p10.send.prepared--393/20260930T140958Z-case.p10.send.prepared-astra-393	0	8a6b807d6682d9446d9b75216bbd3844d203cdcc	true
atlas-phase10.json	case.p10.send.prepared.op	op	pass	2.882	4.43	predicate: all 9 facts hold: observe_at sends holds; observe_at sends.0.state holds; observe_at sends.0.prepared_by.kind holds; observe_at sends.0.prepare_operation_id holds; op read #0 (kernel.receipt.read) objects.0.operation.name holds; op read #0 (kernel.receipt.read) objects.0.receipt.operation	case.p10.send.prepared.op--op/20260930T141006Z-case.p10.send.prepared.op-astra-1440	0	8a6b807d6682d9446d9b75216bbd3844d203cdcc	true
atlas-phase10.json	case.p10.send.several	1440	pass	9.28	4.76	predicate: all_of: protocol_status: POST /api/channels/send answered 200, wanted 200 (body sha256 354533dc8aaf); 'op_8749f02207dc404cb8bca8e5ef3bddb0' not in the response body; response body contains the declared admission facts | readable_text: 'SAVED' is readable in viewport {'width': 1440, 'heigh	case.p10.send.several--1440/20260930T141009Z-case.p10.send.several-astra-1440	0	8a6b807d6682d9446d9b75216bbd3844d203cdcc	true
atlas-phase10.json	case.p10.send.several	393	pass	9.192	4.54	predicate: all_of: protocol_status: POST /api/channels/send answered 200, wanted 200 (body sha256 1ad9f51b33b1); 'op_78ea0406206a4cd1984730a837cdac72' not in the response body; response body contains the declared admission facts | readable_text: 'SAVED' is readable in viewport {'width': 393, 'height	case.p10.send.several--393/20260930T141018Z-case.p10.send.several-astra-393	0	8a6b807d6682d9446d9b75216bbd3844d203cdcc	true
atlas-phase10.json	case.p10.send.several.op	op	pass	2.899	4.66	predicate: all 12 facts hold: observe_at updates.0.deliveries holds; observe_at updates.0.deliveries holds; observe_at updates.0.deliveries holds; op read #0 (kernel.receipt.read) objects.0.operation.name holds; op read #0 (kernel.receipt.read) objects.0.receipt.operation_id holds; op read #0 (kerne	case.p10.send.several.op--op/20260930T141028Z-case.p10.send.several.op-astra-1440	0	8a6b807d6682d9446d9b75216bbd3844d203cdcc	true
atlas-phase10.json	case.p10.send.discard_after_send	1440	pass	8.932	4.56	predicate: all_of: protocol_status: POST /api/channels/sends/chs_8823fdfbacb14da47eb55dbb/discard answered 409, wanted 409 (body sha256 2810c5db46be); response body contains the declared admission facts | readable_text: 'SAVED' is readable in viewport {'width': 1440, 'height': 900} with rect {'x': 7	case.p10.send.discard_after_send--1440/20260930T141031Z-case.p10.send.discard_after_send-astra-1440	0	8a6b807d6682d9446d9b75216bbd3844d203cdcc	true
atlas-phase10.json	case.p10.send.discard_after_send	393	pass	8.326	4.19	predicate: all_of: protocol_status: POST /api/channels/sends/chs_168f495d592e209176e872c3/discard answered 409, wanted 409 (body sha256 5db4a69fed16); response body contains the declared admission facts | readable_text: 'SAVED' is readable in viewport {'width': 393, 'height': 852} with rect {'x': 47	case.p10.send.discard_after_send--393/20260930T141039Z-case.p10.send.discard_after_send-astra-393	0	8a6b807d6682d9446d9b75216bbd3844d203cdcc	true
atlas-phase10.json	case.p10.send.discard_after_send.op	op	pass	2.863	4.17	predicate: all 7 facts hold: the trigger code holds; observe_at sends.0.id holds; observe_at sends.0.state holds; op read #0 (kernel.receipt.read) objects.0.operation.name holds; op read #0 (kernel.receipt.read) objects.0.receipt.operation_id holds; op read #0 (kernel.receipt.read) objects.0.receipt	case.p10.send.discard_after_send.op--op/20260930T141048Z-case.p10.send.discard_after_send.op-astra-1440	0	8a6b807d6682d9446d9b75216bbd3844d203cdcc	true
atlas-phase10.json	case.p10.send.send_after_discard.op	op	pass	2.897	4.00	predicate: all 7 facts hold: the trigger code holds; observe_at sends.0.state holds; op read #0 (kernel.receipt.read) objects.0.operation.name holds; op read #0 (kernel.receipt.read) objects.0.receipt.operation_id holds; op read #0 (kernel.receipt.read) objects.0.receipt.state holds; op read #0 (ker	case.p10.send.send_after_discard.op--op/20260930T141051Z-case.p10.send.send_after_discard.op-astra-1440	0	8a6b807d6682d9446d9b75216bbd3844d203cdcc	true
atlas-phase10.json	case.p10.send.replay_same_key.op	op	pass	2.925	4.00	predicate: all_of: op_facts: all 10 facts hold: the trigger operation_id holds; the trigger send.state holds; the trigger send.proof.url holds; observe_at sends holds; observe_at sends.0.state holds; op read #0 (kernel.receipt.read) objects.0.operation.name holds; op read #0 (kernel.receipt.read) ob	case.p10.send.replay_same_key.op--op/20260930T141054Z-case.p10.send.replay_same_key.op-astra-1440	0	8a6b807d6682d9446d9b75216bbd3844d203cdcc	true
atlas-phase10.json	case.p10.send.receipt_after_return	1440	pass	8.821	3.61	predicate: all_of: readable_text: 'SAVED' is readable in viewport {'width': 1440, 'height': 900} with rect {'x': 71, 'y': 291, 'w': 120, 'h': 18} | protocol_reads: GET /api/channels/sends?document_ref=project_update:pupd_2f33eb0009304afe943029a21a3cb40c answered 200 with 1 row(s) {'state': 'sent', '	case.p10.send.receipt_after_return--1440/20260930T141057Z-case.p10.send.receipt_after_return-astra-1440	0	8a6b807d6682d9446d9b75216bbd3844d203cdcc	true
atlas-phase10.json	case.p10.send.receipt_after_return	393	pass	9.32	3.43	predicate: all_of: readable_text: 'SAVED' is readable in viewport {'width': 393, 'height': 852} with rect {'x': 47, 'y': 367, 'w': 120, 'h': 18} | protocol_reads: GET /api/channels/sends?document_ref=project_update:pupd_296ab0660a3d4ddd93e49749598ba7e5 answered 200 with 1 row(s) {'state': 'sent', 'd	case.p10.send.receipt_after_return--393/20260930T141105Z-case.p10.send.receipt_after_return-astra-393	0	8a6b807d6682d9446d9b75216bbd3844d203cdcc	true
atlas-phase10.json	case.p10.send.resend_setup	1440	pass	10.464	3.29	predicate: all_of: protocol_status: POST /api/channels/destinations answered 200, wanted 200 (body sha256 a0ca4acd4e28); response body contains the declared admission facts | readable_text: 'API.RESEND.COM' is readable in viewport {'width': 1440, 'height': 900} with rect {'x': 25, 'y': 525, 'w': 136	case.p10.send.resend_setup--1440/20260930T141115Z-case.p10.send.resend_setup-astra-1440	0	8a6b807d6682d9446d9b75216bbd3844d203cdcc	true
atlas-phase10.json	case.p10.send.resend_setup	393	pass	9.973	3.31	predicate: all_of: protocol_status: POST /api/channels/destinations answered 200, wanted 200 (body sha256 39f09d4c9416); response body contains the declared admission facts | readable_text: 'API.RESEND.COM' is readable in viewport {'width': 393, 'height': 852} with rect {'x': 15, 'y': 195, 'w': 363,	case.p10.send.resend_setup--393/20260930T141125Z-case.p10.send.resend_setup-astra-393	0	8a6b807d6682d9446d9b75216bbd3844d203cdcc	true
atlas-phase10.json	case.p10.send.resend_accepted	1440	pass	8.824	3.49	predicate: all_of: protocol_status: POST /api/channels/send answered 200, wanted 200 (body sha256 b3d8ef5c7a0b); response body contains the declared admission facts | readable_text: 'ACCEPTED BY RESEND' is readable in viewport {'width': 1440, 'height': 900} with rect {'x': 313, 'y': 375, 'w': 366, '	case.p10.send.resend_accepted--1440/20260930T141135Z-case.p10.send.resend_accepted-astra-1440	0	8a6b807d6682d9446d9b75216bbd3844d203cdcc	true
atlas-phase10.json	case.p10.send.resend_accepted	393	pass	9.188	3.69	predicate: all_of: protocol_status: POST /api/channels/send answered 200, wanted 200 (body sha256 497fc09cd0e4); response body contains the declared admission facts | readable_text: 'ACCEPTED BY RESEND' is readable in viewport {'width': 393, 'height': 852} with rect {'x': 51, 'y': 416, 'w': 307, 'h'	case.p10.send.resend_accepted--393/20260930T141144Z-case.p10.send.resend_accepted-astra-393	0	8a6b807d6682d9446d9b75216bbd3844d203cdcc	true
atlas-phase10.json	case.p10.send.resend_prepared	1440	pass	8.405	4.07	predicate: all_of: protocol_status: POST /api/channels/send answered 200, wanted 200 (body sha256 821f09af9d08); response body contains the declared admission facts | readable_text: 'ACCEPTED BY RESEND' is readable in viewport {'width': 1440, 'height': 900} with rect {'x': 71, 'y': 269, 'w': 366, 'h	case.p10.send.resend_prepared--1440/20260930T141153Z-case.p10.send.resend_prepared-astra-1440	0	8a6b807d6682d9446d9b75216bbd3844d203cdcc	true
atlas-phase10.json	case.p10.send.resend_prepared	393	pass	8.83	3.74	predicate: all_of: protocol_status: POST /api/channels/send answered 200, wanted 200 (body sha256 12a64080164a); response body contains the declared admission facts | readable_text: 'ACCEPTED BY RESEND' is readable in viewport {'width': 393, 'height': 852} with rect {'x': 47, 'y': 315, 'w': 325, 'h'	case.p10.send.resend_prepared--393/20260930T141202Z-case.p10.send.resend_prepared-astra-393	0	8a6b807d6682d9446d9b75216bbd3844d203cdcc	true
atlas-phase10.json	case.p10.send.resend_history	1440	pass	8.953	3.31	predicate: all_of: readable_text: 'ACCEPTED BY RESEND' is readable in viewport {'width': 1440, 'height': 900} with rect {'x': 39, 'y': 366, 'w': 770, 'h': 26} | readable_text: 'ID re-atlas-4ef9-0001' is readable in viewport {'width': 1440, 'height': 900} with rect {'x': 39, 'y': 366, 'w': 770, 'h': 	case.p10.send.resend_history--1440/20260930T141210Z-case.p10.send.resend_history-astra-1440	0	8a6b807d6682d9446d9b75216bbd3844d203cdcc	true
atlas-phase10.json	case.p10.send.resend_history	393	pass	8.858	4.17	predicate: all_of: readable_text: 'ACCEPTED BY RESEND' is readable in viewport {'width': 393, 'height': 852} with rect {'x': 15, 'y': 310, 'w': 363, 'h': 96} | readable_text: 'ID re-atlas-4ef9-0001' is readable in viewport {'width': 393, 'height': 852} with rect {'x': 15, 'y': 310, 'w': 363, 'h': 96	case.p10.send.resend_history--393/20260930T141219Z-case.p10.send.resend_history-astra-393	0	8a6b807d6682d9446d9b75216bbd3844d203cdcc	true
atlas-phase10.json	case.p10.send.resend_unknown	1440	pass	9.332	3.92	predicate: all_of: protocol_status: POST /api/channels/send answered 200, wanted 200 (body sha256 6e031fd1e41d); response body contains the declared admission facts | readable_text: 'Check priya@example.com' is readable in viewport {'width': 1440, 'height': 900} with rect {'x': 313, 'y': 372, 'w': 1	case.p10.send.resend_unknown--1440/20260930T141228Z-case.p10.send.resend_unknown-astra-1440	0	8a6b807d6682d9446d9b75216bbd3844d203cdcc	true
atlas-phase10.json	case.p10.send.resend_unknown	393	pass	9.252	4.00	predicate: all_of: protocol_status: POST /api/channels/send answered 200, wanted 200 (body sha256 216c60bd1d42); response body contains the declared admission facts | readable_text: 'Check priya@example.com' is readable in viewport {'width': 393, 'height': 852} with rect {'x': 51, 'y': 408, 'w': 184	case.p10.send.resend_unknown--393/20260930T141237Z-case.p10.send.resend_unknown-astra-393	0	8a6b807d6682d9446d9b75216bbd3844d203cdcc	true
