id,path,line,source,kind,text,context,confidence,surface,language,word_count,has_sentence_punct,scope,a7_candidate,long_words_13_letters,plain_word_review,abbreviation_review,verdict
8,web/src/components/AmbientLayer.tsx,127,web/src/components/AmbientLayer.tsx:127,jsx-text,Intelligence queue,JSX text,static,rendered,words,2,False,source,False,[],"[{""word"": ""Intelligence"", ""syllables_estimate"": 4, ""plain_candidate"": ""summary, only for the meeting result""}]",[],"candidate; inspect rendered context, empty-state exception and registered technical meaning"
46,web/src/components/ErrorBoundary.tsx,23,web/src/components/ErrorBoundary.tsx:23,jsx-attr,This surface needs a reset,title,static,rendered,words,5,False,source,True,[],[],[],"candidate; inspect rendered context, empty-state exception and registered technical meaning"
90,web/src/desk/api.ts,152,web/src/desk/api.ts:152,ts-string,Intelligence,name,candidate,possible,words,1,False,source,False,[],"[{""word"": ""Intelligence"", ""syllables_estimate"": 4, ""plain_candidate"": ""summary, only for the meeting result""}]",[],"candidate; inspect rendered context, empty-state exception and registered technical meaning"
95,web/src/desk/applications.ts,67,web/src/desk/applications.ts:67,ts-string,intelligence:desk,windowId,static-map,vocabulary,words,2,False,source,False,[],"[{""word"": ""intelligence"", ""syllables_estimate"": 4, ""plain_candidate"": ""summary, only for the meeting result""}]",[],"candidate; inspect rendered context, empty-state exception and registered technical meaning"
96,web/src/desk/applications.ts,68,web/src/desk/applications.ts:68,ts-string,Intelligence,label,static-map,vocabulary,words,1,False,source,False,[],"[{""word"": ""Intelligence"", ""syllables_estimate"": 4, ""plain_candidate"": ""summary, only for the meeting result""}]",[],"candidate; inspect rendered context, empty-state exception and registered technical meaning"
107,web/src/desk/applications.ts,165,web/src/desk/applications.ts:165,ts-string,Configuration,eyebrow,static-map,vocabulary,words,1,False,source,False,"[""Configuration""]","[{""word"": ""Configuration"", ""syllables_estimate"": 5, ""plain_candidate"": ""setup""}]",[],"candidate; inspect rendered context, empty-state exception and registered technical meaning"
292,web/src/desk/chair/_parked/ThoughtEntry.tsx,76,web/src/desk/chair/_parked/ThoughtEntry.tsx:76,jsx-text,What are you working through?,JSX text,static,rendered,words,5,True,parked,True,[],[],[],"candidate; inspect rendered context, empty-state exception and registered technical meaning"
293,web/src/desk/chair/_parked/ThoughtEntry.tsx,77,web/src/desk/chair/_parked/ThoughtEntry.tsx:77,jsx-attr,What are you working through?,label,static,rendered,words,5,True,parked,True,[],[],[],"candidate; inspect rendered context, empty-state exception and registered technical meaning"
353,web/src/desk/chair/_parked/lanes/BriefLane.tsx,265,web/src/desk/chair/_parked/lanes/BriefLane.tsx:265,jsx-text,more -- Open Intelligence,JSX text,static,rendered,words,3,False,parked,False,[],"[{""word"": ""Intelligence"", ""syllables_estimate"": 4, ""plain_candidate"": ""summary, only for the meeting result""}]",[],"candidate; inspect rendered context, empty-state exception and registered technical meaning"
361,web/src/desk/chair/_parked/lanes/DoorBoardLane.tsx,402,web/src/desk/chair/_parked/lanes/DoorBoardLane.tsx:402,jsx-text,Cancel?,JSX text,static,rendered,words,1,True,parked,True,[],[],[],"candidate; inspect rendered context, empty-state exception and registered technical meaning"
376,web/src/desk/chair/_parked/lanes/DoorBoardLane.tsx,478,web/src/desk/chair/_parked/lanes/DoorBoardLane.tsx:478,jsx-text,No calendar connected.,JSX text,static,rendered,words,3,True,parked,True,[],[],[],"candidate; inspect rendered context, empty-state exception and registered technical meaning"
378,web/src/desk/chair/_parked/lanes/DoorBoardLane.tsx,484,web/src/desk/chair/_parked/lanes/DoorBoardLane.tsx:484,jsx-text,No future time scheduled.,JSX text,static,rendered,words,4,True,parked,True,[],[],[],"candidate; inspect rendered context, empty-state exception and registered technical meaning"
386,web/src/desk/chair/_parked/lanes/DoorBoardLane.tsx,594,web/src/desk/chair/_parked/lanes/DoorBoardLane.tsx:594,jsx-text,No relationships,JSX text,static,rendered,words,2,False,parked,False,"[""relationships""]",[],[],"candidate; inspect rendered context, empty-state exception and registered technical meaning"
399,web/src/desk/chair/_parked/lanes/DoorBoardLane.tsx,710,web/src/desk/chair/_parked/lanes/DoorBoardLane.tsx:710,jsx-attr,"Door board, scroll horizontally for all columns",aria-label,static,rendered,words,7,False,parked,True,[],[],[],"candidate; inspect rendered context, empty-state exception and registered technical meaning"
433,web/src/desk/components/ApplicationBoundary.tsx,43,web/src/desk/components/ApplicationBoundary.tsx:43,jsx-text,. Your other Desk work remains open. Reload the application.,JSX text,static,rendered,words,9,True,source,True,[],[],[],"candidate; inspect rendered context, empty-state exception and registered technical meaning"
462,web/src/desk/components/AskPanel.tsx,411,web/src/desk/components/AskPanel.tsx:411,jsx-attr,Possibly unsupported by the cited material,title,static,rendered,words,6,False,source,True,[],[],[],"candidate; inspect rendered context, empty-state exception and registered technical meaning"
516,web/src/desk/components/AttentionDrawer.tsx,164,web/src/desk/components/AttentionDrawer.tsx:164,jsx-attr,Intelligence attention,aria-label,static,rendered,words,2,False,source,False,[],"[{""word"": ""Intelligence"", ""syllables_estimate"": 4, ""plain_candidate"": ""summary, only for the meeting result""}]",[],"candidate; inspect rendered context, empty-state exception and registered technical meaning"
517,web/src/desk/components/AttentionDrawer.tsx,165,web/src/desk/components/AttentionDrawer.tsx:165,jsx-text,Intelligence,JSX text,static,rendered,words,1,False,source,False,[],"[{""word"": ""Intelligence"", ""syllables_estimate"": 4, ""plain_candidate"": ""summary, only for the meeting result""}]",[],"candidate; inspect rendered context, empty-state exception and registered technical meaning"
524,web/src/desk/components/AttentionDrawer.tsx,174,web/src/desk/components/AttentionDrawer.tsx:174,jsx-attr,Desk memory unavailable,error,static,rendered,words,3,False,source,False,[],"[{""word"": ""unavailable"", ""syllables_estimate"": 5, ""plain_candidate"": ""not available""}]",[],"candidate; inspect rendered context, empty-state exception and registered technical meaning"
635,web/src/desk/components/DeliveryDossierWindow.tsx,34,web/src/desk/components/DeliveryDossierWindow.tsx:34,ts-string,source changed since this bundle,hint,candidate,possible,words,5,False,source,True,[],[],[],"candidate; inspect rendered context, empty-state exception and registered technical meaning"
639,web/src/desk/components/DeliveryDossierWindow.tsx,37,web/src/desk/components/DeliveryDossierWindow.tsx:37,ts-string,story not in any source,hint,candidate,possible,words,5,False,source,True,[],[],[],"candidate; inspect rendered context, empty-state exception and registered technical meaning"
665,web/src/desk/components/DeliveryDossierWindow.tsx,185,web/src/desk/components/DeliveryDossierWindow.tsx:185,jsx-attr,Opens this captured asset in a new tab.,title,static,rendered,words,8,True,source,True,[],[],[],"candidate; inspect rendered context, empty-state exception and registered technical meaning"
722,web/src/desk/components/DeliveryTerminalWindow.tsx,139,web/src/desk/components/DeliveryTerminalWindow.tsx:139,jsx-text,Recovered local steer draft.,JSX text,static,rendered,words,4,True,source,True,[],[],[],"candidate; inspect rendered context, empty-state exception and registered technical meaning"
768,web/src/desk/components/DeskCreateMenu.tsx,43,web/src/desk/components/DeskCreateMenu.tsx:43,ts-string,desk-chip desk-create-button,literal,static-map,vocabulary,words,5,False,source,True,[],[],[],"candidate; inspect rendered context, empty-state exception and registered technical meaning"
794,web/src/desk/components/DeskEditor.tsx,403,web/src/desk/components/DeskEditor.tsx:403,jsx-text,1.,JSX text,static,rendered,glyph-or-symbol,1,True,source,True,[],[],[],"candidate; inspect rendered context, empty-state exception and registered technical meaning"
801,web/src/desk/components/DeskFilingStrip.tsx,24,web/src/desk/components/DeskFilingStrip.tsx:24,jsx-attr,Filing unavailable,error,static,rendered,words,2,False,source,False,[],"[{""word"": ""unavailable"", ""syllables_estimate"": 5, ""plain_candidate"": ""not available""}]",[],"candidate; inspect rendered context, empty-state exception and registered technical meaning"
853,web/src/desk/components/DeskMenu.tsx,27,web/src/desk/components/DeskMenu.tsx:27,ts-string,"[role='menuitem'],[role='menuitemcheckbox'],[role='menuitemradio']",MENUITEM_SELECTOR,static-map,vocabulary,words,6,False,source,True,"[""menuitemcheckbox"", ""menuitemradio""]",[],[],"candidate; inspect rendered context, empty-state exception and registered technical meaning"
921,web/src/desk/components/DeskToolInspector.tsx,285,web/src/desk/components/DeskToolInspector.tsx:285,jsx-text,· unavailable on this Desk,JSX text,static,rendered,words,4,False,source,False,[],"[{""word"": ""unavailable"", ""syllables_estimate"": 5, ""plain_candidate"": ""not available""}]",[],"candidate; inspect rendered context, empty-state exception and registered technical meaning"
974,web/src/desk/components/DeskToolInspector.tsx,533,web/src/desk/components/DeskToolInspector.tsx:533,jsx-text,Selected material is retained; retry the action.,JSX text,static,rendered,words,7,True,source,True,[],[],[],"candidate; inspect rendered context, empty-state exception and registered technical meaning"
978,web/src/desk/components/DeskToolShelf.tsx,535,web/src/desk/components/DeskToolShelf.tsx:535,jsx-text,Search tools and Desk items,JSX text,static,rendered,words,5,False,source,True,[],[],[],"candidate; inspect rendered context, empty-state exception and registered technical meaning"
979,web/src/desk/components/DeskToolShelf.tsx,538,web/src/desk/components/DeskToolShelf.tsx:538,jsx-attr,Search tools and Desk items,label,static,rendered,words,5,False,source,True,[],[],[],"candidate; inspect rendered context, empty-state exception and registered technical meaning"
980,web/src/desk/components/DeskToolShelf.tsx,540,web/src/desk/components/DeskToolShelf.tsx:540,jsx-attr,Search tools and Desk items,placeholder,static,rendered,words,5,False,source,True,[],[],[],"candidate; inspect rendered context, empty-state exception and registered technical meaning"
989,web/src/desk/components/DeskToolShelf.tsx,608,web/src/desk/components/DeskToolShelf.tsx:608,jsx-text,No matching tools or Desk items.,JSX text,static,rendered,words,6,True,source,True,[],[],[],"candidate; inspect rendered context, empty-state exception and registered technical meaning"
1012,web/src/desk/components/EmptyDesk.tsx,45,web/src/desk/components/EmptyDesk.tsx:45,jsx-text,or right-click for more options,JSX text,static,rendered,words,6,False,source,True,[],[],[],"candidate; inspect rendered context, empty-state exception and registered technical meaning"
1020,web/src/desk/components/EmptyDesk.tsx,69,web/src/desk/components/EmptyDesk.tsx:69,jsx-expression-string,Everything runs on this device,JSX expression,static,rendered,words,5,False,source,True,[],[],[],"candidate; inspect rendered context, empty-state exception and registered technical meaning"
1025,web/src/desk/components/FirstWords.tsx,359,web/src/desk/components/FirstWords.tsx:359,jsx-text,Speak. Then edit and keep your text.,JSX text,static,rendered,words,7,True,source,True,[],[],[],"candidate; inspect rendered context, empty-state exception and registered technical meaning"
1034,web/src/desk/components/FirstWords.tsx,397,web/src/desk/components/FirstWords.tsx:397,jsx-expression-string,Voice typing unavailable,JSX expression,static,rendered,words,3,False,source,False,[],"[{""word"": ""unavailable"", ""syllables_estimate"": 5, ""plain_candidate"": ""not available""}]",[],"candidate; inspect rendered context, empty-state exception and registered technical meaning"
1038,web/src/desk/components/FirstWords.tsx,409,web/src/desk/components/FirstWords.tsx:409,jsx-text,Recovered your local draft after relaunch. It remains editable below.,JSX text,static,rendered,words,10,True,source,True,[],[],[],"candidate; inspect rendered context, empty-state exception and registered technical meaning"
1040,web/src/desk/components/FirstWords.tsx,423,web/src/desk/components/FirstWords.tsx:423,jsx-attr,Transcribed text appears here. You can also type.,placeholder,static,rendered,words,8,True,source,True,[],[],[],"candidate; inspect rendered context, empty-state exception and registered technical meaning"
1053,web/src/desk/components/GlassDropLayer.tsx,122,web/src/desk/components/GlassDropLayer.tsx:122,jsx-text,.vtt .srt .txt audio · calendar screenshot,JSX text,static,rendered,words,6,False,source,True,[],[],[],"candidate; inspect rendered context, empty-state exception and registered technical meaning"
1056,web/src/desk/components/GlassDropLayer.tsx,128,web/src/desk/components/GlassDropLayer.tsx:128,jsx-text,Transcribing runs on this device,JSX text,static,rendered,words,5,False,source,True,[],[],[],"candidate; inspect rendered context, empty-state exception and registered technical meaning"
1059,web/src/desk/components/GlassDropLayer.tsx,134,web/src/desk/components/GlassDropLayer.tsx:134,jsx-text,Vision model reading the screenshot,JSX text,static,rendered,words,5,False,source,True,[],[],[],"candidate; inspect rendered context, empty-state exception and registered technical meaning"
1075,web/src/desk/components/GroundingSection.tsx,195,web/src/desk/components/GroundingSection.tsx:195,jsx-text,No meetings on this desk yet,JSX text,static,rendered,words,6,False,source,True,[],[],[],"candidate; inspect rendered context, empty-state exception and registered technical meaning"
1171,web/src/desk/components/InterviewPanel.tsx,143,web/src/desk/components/InterviewPanel.tsx:143,jsx-text,Reason & prerequisites,JSX text,static,rendered,words,2,False,source,False,"[""prerequisites""]",[],[],"candidate; inspect rendered context, empty-state exception and registered technical meaning"
1178,web/src/desk/components/InterviewPanel.tsx,153,web/src/desk/components/InterviewPanel.tsx:153,jsx-expression-string,Idea · unavailable,unsupported_idea,static,rendered,words,2,False,source,False,[],"[{""word"": ""unavailable"", ""syllables_estimate"": 5, ""plain_candidate"": ""not available""}]",[],"candidate; inspect rendered context, empty-state exception and registered technical meaning"
1213,web/src/desk/components/MissionControlConveyor.tsx,183,web/src/desk/components/MissionControlConveyor.tsx:183,jsx-attr,open the evidence in place,title,static,rendered,words,5,False,source,True,[],[],[],"candidate; inspect rendered context, empty-state exception and registered technical meaning"
1221,web/src/desk/components/MissionControlConveyor.tsx,233,web/src/desk/components/MissionControlConveyor.tsx:233,jsx-attr,gh receipts unavailable,title,static,rendered,words,3,False,source,False,[],"[{""word"": ""unavailable"", ""syllables_estimate"": 5, ""plain_candidate"": ""not available""}]",[],"candidate; inspect rendered context, empty-state exception and registered technical meaning"
1250,web/src/desk/components/MissionControlConveyor.tsx,376,web/src/desk/components/MissionControlConveyor.tsx:376,jsx-text,Status change failed.,JSX text,static,rendered,words,3,True,source,True,[],[],[],"candidate; inspect rendered context, empty-state exception and registered technical meaning"
1286,web/src/desk/components/MissionControlConveyor.tsx,673,web/src/desk/components/MissionControlConveyor.tsx:673,jsx-attr,PROPOSE?,confirmlabel,static,rendered,words,1,True,source,True,[],[],[],"candidate; inspect rendered context, empty-state exception and registered technical meaning"
1354,web/src/desk/components/PrReceiptsSection.tsx,204,web/src/desk/components/PrReceiptsSection.tsx:204,jsx-expression-string,Unavailable,JSX expression,static,rendered,words,1,False,source,False,[],"[{""word"": ""Unavailable"", ""syllables_estimate"": 5, ""plain_candidate"": ""not available""}]",[],"candidate; inspect rendered context, empty-state exception and registered technical meaning"
1362,web/src/desk/components/Pullout.tsx,125,web/src/desk/components/Pullout.tsx:125,jsx-text,Could not check this Note on this hub.,JSX text,static,rendered,words,8,True,source,True,[],[],[],"candidate; inspect rendered context, empty-state exception and registered technical meaning"
1420,web/src/desk/components/RepoWindow.tsx,242,web/src/desk/components/RepoWindow.tsx:242,jsx-attr,ISSUES UNAVAILABLE,emptylabel,static,rendered,words,2,False,source,False,[],"[{""word"": ""UNAVAILABLE"", ""syllables_estimate"": 5, ""plain_candidate"": ""not available""}]",[],"candidate; inspect rendered context, empty-state exception and registered technical meaning"
1477,web/src/desk/components/ScheduleCreateWindow.tsx,138,web/src/desk/components/ScheduleCreateWindow.tsx:138,jsx-attr,Recording starts on its own at the set time,label,static,rendered,words,9,False,source,True,[],[],[],"candidate; inspect rendered context, empty-state exception and registered technical meaning"
1499,web/src/desk/components/SessionPullout.tsx,120,web/src/desk/components/SessionPullout.tsx:120,jsx-attr,Disarm the separate session-control grant,title,static,rendered,words,6,False,source,True,[],[],[],"candidate; inspect rendered context, empty-state exception and registered technical meaning"
1541,web/src/desk/components/SessionPullout.tsx,406,web/src/desk/components/SessionPullout.tsx:406,jsx-attr,KILL · SURE?,label,static,rendered,words,2,True,source,True,[],[],[],"candidate; inspect rendered context, empty-state exception and registered technical meaning"
1544,web/src/desk/components/SessionPullout.tsx,423,web/src/desk/components/SessionPullout.tsx:423,jsx-attr,end this session (armed + confirm),title,static,rendered,words,5,False,source,True,[],[],[],"candidate; inspect rendered context, empty-state exception and registered technical meaning"
1550,web/src/desk/components/SessionPullout.tsx,500,web/src/desk/components/SessionPullout.tsx:500,jsx-text,Recovered local steer draft.,JSX text,static,rendered,words,4,True,source,True,[],[],[],"candidate; inspect rendered context, empty-state exception and registered technical meaning"
1573,web/src/desk/components/SessionPullout.tsx,632,web/src/desk/components/SessionPullout.tsx:632,jsx-attr,e.g. HS-87-05,placeholder,static,rendered,words,5,True,source,True,[],[],[],"candidate; inspect rendered context, empty-state exception and registered technical meaning"
1607,web/src/desk/components/SystemShade.tsx,262,web/src/desk/components/SystemShade.tsx:262,jsx-attr,"Reason for the agent, one line",placeholder,static,rendered,words,6,False,source,True,[],[],[],"candidate; inspect rendered context, empty-state exception and registered technical meaning"
1702,web/src/desk/components/ThreadComposer.tsx,977,web/src/desk/components/ThreadComposer.tsx:977,jsx-attr,Type a message...,placeholder,static,rendered,words,3,True,source,True,[],[],[],"candidate; inspect rendered context, empty-state exception and registered technical meaning"
1714,web/src/desk/components/TrustWindow.tsx,88,web/src/desk/components/TrustWindow.tsx:88,jsx-expression-string,All data stays on this device,JSX expression,static,rendered,words,6,False,source,True,[],[],[],"candidate; inspect rendered context, empty-state exception and registered technical meaning"
1754,web/src/desk/components/WorkbenchAutomations.tsx,120,web/src/desk/components/WorkbenchAutomations.tsx:120,jsx-text,SILENT BASELINE · MATCH ADDS ONE ITEM,JSX text,static,rendered,words,6,False,source,True,[],[],[],"candidate; inspect rendered context, empty-state exception and registered technical meaning"
1767,web/src/desk/components/WorkbenchAutomations.tsx,185,web/src/desk/components/WorkbenchAutomations.tsx:185,jsx-text,EVENT TRIGGER · READ-ONLY · 35 MIN REFRESH,JSX text,static,rendered,words,7,False,source,True,[],[],[],"candidate; inspect rendered context, empty-state exception and registered technical meaning"
1782,web/src/desk/components/WorkbenchResourceful.tsx,83,web/src/desk/components/WorkbenchResourceful.tsx:83,jsx-text,WHEN IDLE · ONE BOUNDED IMPROVEMENT FROM LOCAL DATA,JSX text,static,rendered,words,8,False,source,True,[],[],[],"candidate; inspect rendered context, empty-state exception and registered technical meaning"
1807,web/src/desk/components/WorkbenchResourceful.tsx,185,web/src/desk/components/WorkbenchResourceful.tsx:185,jsx-text,RUNS AS OWNER · ONLY THE SELECTED MAINTENANCE ITEM RUNS · ORDINARY PENDING WORK IS NEVER SWEPT · SOURCE DATA IS REVIEW-ONLY,JSX text,static,rendered,words,20,False,source,True,[],[],[],"candidate; inspect rendered context, empty-state exception and registered technical meaning"
1811,web/src/desk/components/WorkbenchResourceful.tsx,211,web/src/desk/components/WorkbenchResourceful.tsx:211,jsx-attr,RUN AS OWNER?,confirmlabel,static,rendered,words,3,True,source,True,[],[],[],"candidate; inspect rendered context, empty-state exception and registered technical meaning"
1813,web/src/desk/components/WorkbenchResourceful.tsx,220,web/src/desk/components/WorkbenchResourceful.tsx:220,jsx-expression-string,PAUSED · NO RESOURCEFUL WORK WILL START,JSX expression,static,rendered,words,6,False,source,True,[],[],[],"candidate; inspect rendered context, empty-state exception and registered technical meaning"
1819,web/src/desk/components/WorkbenchTemplatePicker.tsx,86,web/src/desk/components/WorkbenchTemplatePicker.tsx:86,jsx-attr,Templates failed to load. Current work is unchanged. Retry.,error,static,rendered,words,9,True,source,True,[],[],[],"candidate; inspect rendered context, empty-state exception and registered technical meaning"
1840,web/src/desk/components/WorkbenchWindow.tsx,182,web/src/desk/components/WorkbenchWindow.tsx:182,jsx-attr,Expand configuration,aria-label,static,rendered,words,2,False,source,False,"[""configuration""]","[{""word"": ""configuration"", ""syllables_estimate"": 5, ""plain_candidate"": ""setup""}]",[],"candidate; inspect rendered context, empty-state exception and registered technical meaning"
1849,web/src/desk/components/WorkbenchWindow.tsx,323,web/src/desk/components/WorkbenchWindow.tsx:323,jsx-attr,Collapse configuration,aria-label,static,rendered,words,2,False,source,False,"[""configuration""]","[{""word"": ""configuration"", ""syllables_estimate"": 5, ""plain_candidate"": ""setup""}]",[],"candidate; inspect rendered context, empty-state exception and registered technical meaning"
1873,web/src/desk/components/WorkbenchWindow.tsx,460,web/src/desk/components/WorkbenchWindow.tsx:460,jsx-text,Starts only when you press Run.,JSX text,static,rendered,words,6,True,source,True,[],[],[],"candidate; inspect rendered context, empty-state exception and registered technical meaning"
1883,web/src/desk/components/WorkbenchWindow.tsx,528,web/src/desk/components/WorkbenchWindow.tsx:528,jsx-attr,Agent has no skills yet,emptylabel,static,rendered,words,5,False,source,True,[],[],[],"candidate; inspect rendered context, empty-state exception and registered technical meaning"
1885,web/src/desk/components/WorkbenchWindow.tsx,534,web/src/desk/components/WorkbenchWindow.tsx:534,jsx-attr,Skills appear when an agent is bound,emptylabel,static,rendered,words,7,False,source,True,[],[],[],"candidate; inspect rendered context, empty-state exception and registered technical meaning"
1966,web/src/desk/components/WorkbenchWindow.tsx,1708,web/src/desk/components/WorkbenchWindow.tsx:1708,jsx-attr,What needs doing?,placeholder,static,rendered,words,3,True,source,True,[],[],[],"candidate; inspect rendered context, empty-state exception and registered technical meaning"
1975,web/src/desk/components/WorkbenchWindow.tsx,1830,web/src/desk/components/WorkbenchWindow.tsx:1830,jsx-attr,Clear all?,confirmlabel,static,rendered,words,2,True,source,True,[],[],[],"candidate; inspect rendered context, empty-state exception and registered technical meaning"
2050,web/src/desk/components/window/ShortcutSheet.tsx,41,web/src/desk/components/window/ShortcutSheet.tsx:41,ts-string,Back to Desk (keep work open),literal,candidate,possible,words,6,False,source,True,[],[],[],"candidate; inspect rendered context, empty-state exception and registered technical meaning"
2105,web/src/desk/gl/WorldStage.tsx,274,web/src/desk/gl/WorldStage.tsx:274,jsx-text,. Search or use List view for everything.,JSX text,static,rendered,words,7,True,source,True,[],[],[],"candidate; inspect rendered context, empty-state exception and registered technical meaning"
2232,web/src/desk/pullouts/IntelligencePullout.tsx,35,web/src/desk/pullouts/IntelligencePullout.tsx:35,jsx-attr,Intelligence view,aria-label,static,rendered,words,2,False,source,False,[],"[{""word"": ""Intelligence"", ""syllables_estimate"": 4, ""plain_candidate"": ""summary, only for the meeting result""}]",[],"candidate; inspect rendered context, empty-state exception and registered technical meaning"
2292,web/src/desk/pullouts/NotePullout.tsx,387,web/src/desk/pullouts/NotePullout.tsx:387,jsx-text,UNAVAILABLE,JSX text,static,rendered,words,1,False,source,False,[],"[{""word"": ""UNAVAILABLE"", ""syllables_estimate"": 5, ""plain_candidate"": ""not available""}]",[],"candidate; inspect rendered context, empty-state exception and registered technical meaning"
2389,web/src/desk/pullouts/ThoughtContextPicker.tsx,174,web/src/desk/pullouts/ThoughtContextPicker.tsx:174,jsx-text,Choose what AI may use for this Thought.,JSX text,static,rendered,words,8,True,source,True,[],[],[],"candidate; inspect rendered context, empty-state exception and registered technical meaning"
2395,web/src/desk/pullouts/ThoughtContextPicker.tsx,176,web/src/desk/pullouts/ThoughtContextPicker.tsx:176,jsx-text,Attach context to use it by default.,JSX text,static,rendered,words,7,True,source,True,[],[],[],"candidate; inspect rendered context, empty-state exception and registered technical meaning"
2412,web/src/desk/pullouts/ThoughtContextPicker.tsx,187,web/src/desk/pullouts/ThoughtContextPicker.tsx:187,jsx-expression-string,Unavailable,JSX expression,static,rendered,words,1,False,source,False,[],"[{""word"": ""Unavailable"", ""syllables_estimate"": 5, ""plain_candidate"": ""not available""}]",[],"candidate; inspect rendered context, empty-state exception and registered technical meaning"
2427,web/src/desk/pullouts/ThoughtContextPicker.tsx,198,web/src/desk/pullouts/ThoughtContextPicker.tsx:198,jsx-text,No pinned or recent context yet.,JSX text,static,rendered,words,6,True,source,True,[],[],[],"candidate; inspect rendered context, empty-state exception and registered technical meaning"
2432,web/src/desk/pullouts/ThoughtContextPicker.tsx,201,web/src/desk/pullouts/ThoughtContextPicker.tsx:201,jsx-text,No matching notes.,JSX text,static,rendered,words,3,True,source,True,[],[],[],"candidate; inspect rendered context, empty-state exception and registered technical meaning"
2657,web/src/desk/pullouts/editors/WorkflowEditor.tsx,90,web/src/desk/pullouts/editors/WorkflowEditor.tsx:90,jsx-attr,Prompt (selected text is substituted at run time),placeholder,static,rendered,words,8,False,source,True,[],[],[],"candidate; inspect rendered context, empty-state exception and registered technical meaning"
2678,web/src/desk/pullouts/shared/CapabilitySection.tsx,173,web/src/desk/pullouts/shared/CapabilitySection.tsx:173,jsx-text,Recovered local run material.,JSX text,static,rendered,words,4,True,source,True,[],[],[],"candidate; inspect rendered context, empty-state exception and registered technical meaning"
2694,web/src/desk/pullouts/views/BriefView.tsx,300,web/src/desk/pullouts/views/BriefView.tsx:300,jsx-attr,No brief generated.,emptylabel,static,rendered,words,3,True,source,True,[],[],[],"candidate; inspect rendered context, empty-state exception and registered technical meaning"
2716,web/src/desk/pullouts/views/BriefView.tsx,448,web/src/desk/pullouts/views/BriefView.tsx:448,jsx-attr,PEOPLE · UNAVAILABLE,label,static,rendered,words,2,False,source,False,[],"[{""word"": ""UNAVAILABLE"", ""syllables_estimate"": 5, ""plain_candidate"": ""not available""}]",[],"candidate; inspect rendered context, empty-state exception and registered technical meaning"
2719,web/src/desk/pullouts/views/BriefView.tsx,475,web/src/desk/pullouts/views/BriefView.tsx:475,jsx-text,Add to 1:1 agenda,JSX text,static,rendered,words,5,False,source,True,[],[],[],"candidate; inspect rendered context, empty-state exception and registered technical meaning"
2757,web/src/desk/pullouts/views/DecisionsView.tsx,265,web/src/desk/pullouts/views/DecisionsView.tsx:265,jsx-text,No meeting-segment quote retained.,JSX text,static,rendered,words,5,True,source,True,[],[],[],"candidate; inspect rendered context, empty-state exception and registered technical meaning"
2764,web/src/desk/pullouts/views/DecisionsView.tsx,278,web/src/desk/pullouts/views/DecisionsView.tsx:278,jsx-text,No affected work linked.,JSX text,static,rendered,words,4,True,source,True,[],[],[],"candidate; inspect rendered context, empty-state exception and registered technical meaning"
2782,web/src/desk/pullouts/views/DecisionsView.tsx,304,web/src/desk/pullouts/views/DecisionsView.tsx:304,jsx-text,No revisions recorded.,JSX text,static,rendered,words,3,True,source,True,[],[],[],"candidate; inspect rendered context, empty-state exception and registered technical meaning"
2793,web/src/desk/pullouts/views/FollowThroughView.tsx,199,web/src/desk/pullouts/views/FollowThroughView.tsx:199,jsx-attr,No overdue follow-through. Other lanes hold work.,emptylabel,static,rendered,words,8,True,source,True,[],[],[],"candidate; inspect rendered context, empty-state exception and registered technical meaning"
2824,web/src/desk/pullouts/views/FollowThroughView.tsx,285,web/src/desk/pullouts/views/FollowThroughView.tsx:285,jsx-expression-string,Source moment unavailable,JSX expression,static,rendered,words,3,False,source,False,[],"[{""word"": ""unavailable"", ""syllables_estimate"": 5, ""plain_candidate"": ""not available""}]",[],"candidate; inspect rendered context, empty-state exception and registered technical meaning"
2825,web/src/desk/pullouts/views/FollowThroughView.tsx,289,web/src/desk/pullouts/views/FollowThroughView.tsx:289,jsx-text,SOURCE MOMENT UNAVAILABLE,JSX text,static,rendered,words,3,False,source,False,[],"[{""word"": ""UNAVAILABLE"", ""syllables_estimate"": 5, ""plain_candidate"": ""not available""}]",[],"candidate; inspect rendered context, empty-state exception and registered technical meaning"
2845,web/src/desk/surface/LedgerFilter.tsx,117,web/src/desk/surface/LedgerFilter.tsx:117,jsx-attr,Filter...,placeholder,static,rendered,words,1,True,source,True,[],[],[],"candidate; inspect rendered context, empty-state exception and registered technical meaning"
2912,web/src/desk/surface/Surface.tsx,503,web/src/desk/surface/Surface.tsx:503,jsx-expression-string,STRIPPED · RAW UNAVAILABLE,JSX expression,static,rendered,words,3,False,source,False,[],"[{""word"": ""UNAVAILABLE"", ""syllables_estimate"": 5, ""plain_candidate"": ""not available""}]",[],"candidate; inspect rendered context, empty-state exception and registered technical meaning"
3058,web/src/desk/surface/gadgets.tsx,859,web/src/desk/surface/gadgets.tsx:859,jsx-attr,Rotate?,confirmlabel,static,rendered,words,1,True,source,True,[],[],[],"candidate; inspect rendered context, empty-state exception and registered technical meaning"
3060,web/src/desk/surface/gadgets.tsx,867,web/src/desk/surface/gadgets.tsx:867,jsx-attr,Delete?,confirmlabel,static,rendered,words,1,True,source,True,[],[],[],"candidate; inspect rendered context, empty-state exception and registered technical meaning"
3180,web/src/desk/thought-workspace/ThoughtDocumentPane.tsx,57,web/src/desk/thought-workspace/ThoughtDocumentPane.tsx:57,jsx-attr,Start with what you know…,placeholder,static,rendered,words,5,False,source,True,[],[],[],"candidate; inspect rendered context, empty-state exception and registered technical meaning"
3207,web/src/desk/thought-workspace/ThoughtWorkspaceWindow.tsx,453,web/src/desk/thought-workspace/ThoughtWorkspaceWindow.tsx:453,jsx-text,A draft from your note,JSX text,static,rendered,words,5,False,source,True,[],[],[],"candidate; inspect rendered context, empty-state exception and registered technical meaning"
3220,web/src/desk/thought-workspace/ThoughtWorkspaceWindow.tsx,485,web/src/desk/thought-workspace/ThoughtWorkspaceWindow.tsx:485,jsx-expression-string,THE NOTE DID NOT SAVE,JSX expression,static,rendered,words,5,False,source,True,[],[],[],"candidate; inspect rendered context, empty-state exception and registered technical meaning"
3234,web/src/desk/thought-workspace/ThoughtWorkspaceWindow.tsx,536,web/src/desk/thought-workspace/ThoughtWorkspaceWindow.tsx:536,jsx-text,Could not open. Note unchanged.,JSX text,static,rendered,words,5,True,source,True,[],[],[],"candidate; inspect rendered context, empty-state exception and registered technical meaning"
3236,web/src/desk/thought-workspace/ThoughtWorkspaceWindow.tsx,540,web/src/desk/thought-workspace/ThoughtWorkspaceWindow.tsx:540,jsx-text,Hub restarted. Reload to continue.,JSX text,static,rendered,words,5,True,source,True,[],[],[],"candidate; inspect rendered context, empty-state exception and registered technical meaning"
3260,web/src/desk/verbRegistry.ts,326,web/src/desk/verbRegistry.ts:326,ts-string,Open Intelligence,label,static-map,vocabulary,words,2,False,source,False,[],"[{""word"": ""Intelligence"", ""syllables_estimate"": 4, ""plain_candidate"": ""summary, only for the meeting result""}]",[],"candidate; inspect rendered context, empty-state exception and registered technical meaning"
3274,web/src/desk/verbRegistry.ts,435,web/src/desk/verbRegistry.ts:435,ts-string,Ask unavailable,literal,static-map,vocabulary,words,2,False,source,False,[],"[{""word"": ""unavailable"", ""syllables_estimate"": 5, ""plain_candidate"": ""not available""}]",[],"candidate; inspect rendered context, empty-state exception and registered technical meaning"
3289,web/src/desk/verbRegistry.ts,537,web/src/desk/verbRegistry.ts:537,ts-string,A zone cannot file itself,literal,static-map,vocabulary,words,5,False,source,True,[],[],[],"candidate; inspect rendered context, empty-state exception and registered technical meaning"
3322,web/src/desk/voice/ProposalStrip.tsx,75,web/src/desk/voice/ProposalStrip.tsx:75,jsx-attr,Intent classification used Ask AI.,title,static,rendered,words,5,True,source,True,"[""classification""]","[{""word"": ""classification"", ""syllables_estimate"": 5, ""plain_candidate"": ""type, if meaning is unchanged""}]",[],"candidate; inspect rendered context, empty-state exception and registered technical meaning"
3399,web/src/features/concierge/ConciergeCore.tsx,522,web/src/features/concierge/ConciergeCore.tsx:522,jsx-attr,http://192.168.1.43:8080/v1,placeholder,static,rendered,words,7,False,source,True,[],[],[],"candidate; inspect rendered context, empty-state exception and registered technical meaning"
3464,web/src/features/project-room/ProjectRoomCore.tsx,633,web/src/features/project-room/ProjectRoomCore.tsx:633,jsx-text,MTG,JSX text,static,rendered,words,1,False,source,False,[],[],"[""MTG""]","candidate; inspect rendered context, empty-state exception and registered technical meaning"
3509,web/src/features/project-room/ProjectRoomCore.tsx,1026,web/src/features/project-room/ProjectRoomCore.tsx:1026,jsx-attr,Remove?,confirmlabel,static,rendered,words,1,True,source,True,[],[],[],"candidate; inspect rendered context, empty-state exception and registered technical meaning"
3655,web/src/features/project-room/_parked/setup/ActivationReview.tsx,136,web/src/features/project-room/_parked/setup/ActivationReview.tsx:136,jsx-text,No Watches selected.,JSX text,static,rendered,words,3,True,parked,True,[],[],[],"candidate; inspect rendered context, empty-state exception and registered technical meaning"
3669,web/src/features/project-room/_parked/setup/ClarifyStep.tsx,69,web/src/features/project-room/_parked/setup/ClarifyStep.tsx:69,jsx-text,How closely should HoldSpeak watch this?,JSX text,static,rendered,words,6,True,parked,True,[],[],[],"candidate; inspect rendered context, empty-state exception and registered technical meaning"
3677,web/src/features/project-room/_parked/setup/ClarifyStep.tsx,109,web/src/features/project-room/_parked/setup/ClarifyStep.tsx:109,jsx-text,"When this happens, what should HoldSpeak do?",JSX text,static,rendered,words,7,True,parked,True,[],[],[],"candidate; inspect rendered context, empty-state exception and registered technical meaning"
3741,web/src/features/project-room/_parked/setup/ProviderWizardStep.tsx,86,web/src/features/project-room/_parked/setup/ProviderWizardStep.tsx:86,jsx-text,Discovering repositories...,JSX text,static,rendered,words,2,True,parked,True,[],[],[],"candidate; inspect rendered context, empty-state exception and registered technical meaning"
3742,web/src/features/project-room/_parked/setup/ProviderWizardStep.tsx,92,web/src/features/project-room/_parked/setup/ProviderWizardStep.tsx:92,jsx-text,No repositories found.,JSX text,static,rendered,words,3,True,parked,True,[],[],[],"candidate; inspect rendered context, empty-state exception and registered technical meaning"
3775,web/src/features/project-room/_parked/setup/ProviderWizardStep.tsx,570,web/src/features/project-room/_parked/setup/ProviderWizardStep.tsx:570,jsx-text,Checking GitHub connection...,JSX text,static,rendered,words,3,True,parked,True,[],[],[],"candidate; inspect rendered context, empty-state exception and registered technical meaning"
3777,web/src/features/project-room/_parked/setup/ProviderWizardStep.tsx,576,web/src/features/project-room/_parked/setup/ProviderWizardStep.tsx:576,jsx-attr,GitHub reads leave the machine.,title,static,rendered,words,5,True,parked,True,[],[],[],"candidate; inspect rendered context, empty-state exception and registered technical meaning"
3800,web/src/features/project-room/_parked/setup/SetupInterview.tsx,51,web/src/features/project-room/_parked/setup/SetupInterview.tsx:51,jsx-text,Starting setup...,JSX text,static,rendered,words,2,True,parked,True,[],[],[],"candidate; inspect rendered context, empty-state exception and registered technical meaning"
3802,web/src/features/project-room/_parked/setup/SetupInterview.tsx,102,web/src/features/project-room/_parked/setup/SetupInterview.tsx:102,jsx-text,Creating project...,JSX text,static,rendered,words,2,True,parked,True,[],[],[],"candidate; inspect rendered context, empty-state exception and registered technical meaning"
3819,web/src/features/project-room/_parked/setup/SetupRoot.tsx,109,web/src/features/project-room/_parked/setup/SetupRoot.tsx:109,jsx-text,Project created. Opening Project Room...,JSX text,static,rendered,words,5,True,parked,True,[],[],[],"candidate; inspect rendered context, empty-state exception and registered technical meaning"
3820,web/src/features/project-room/_parked/setup/SetupRoot.tsx,119,web/src/features/project-room/_parked/setup/SetupRoot.tsx:119,jsx-text,Setup abandoned. No project was created.,JSX text,static,rendered,words,6,True,parked,True,[],[],[],"candidate; inspect rendered context, empty-state exception and registered technical meaning"
3830,web/src/features/project-room/_parked/setup/SuggestionCards.tsx,97,web/src/features/project-room/_parked/setup/SuggestionCards.tsx:97,jsx-text,Generating suggestions...,JSX text,static,rendered,words,2,True,parked,True,[],[],[],"candidate; inspect rendered context, empty-state exception and registered technical meaning"
3831,web/src/features/project-room/_parked/setup/SuggestionCards.tsx,106,web/src/features/project-room/_parked/setup/SuggestionCards.tsx:106,jsx-text,No Watch suggestions available. You can create a blank Project and add Watches later.,JSX text,static,rendered,words,14,True,parked,True,[],[],[],"candidate; inspect rendered context, empty-state exception and registered technical meaning"
3874,web/src/features/project-room/_parked/setup/model.ts,572,web/src/features/project-room/_parked/setup/model.ts:572,ts-string,When the PR state changes,state:changed,candidate,possible,words,5,False,parked,True,[],[],[],"candidate; inspect rendered context, empty-state exception and registered technical meaning"
3940,web/src/features/project-room/door/DoorCore.tsx,411,web/src/features/project-room/door/DoorCore.tsx:411,jsx-attr,What are you delivering?,placeholder,static,rendered,words,4,True,source,True,[],[],[],"candidate; inspect rendered context, empty-state exception and registered technical meaning"
3942,web/src/features/project-room/door/DoorCore.tsx,423,web/src/features/project-room/door/DoorCore.tsx:423,jsx-text,THIS BECOMES THE PROJECT&apos;S NAME,JSX text,static,rendered,words,7,False,source,True,[],[],[],"candidate; inspect rendered context, empty-state exception and registered technical meaning"
3973,web/src/features/project-room/prepare/PreparePosture.tsx,153,web/src/features/project-room/prepare/PreparePosture.tsx:153,jsx-attr,What this meeting is for,placeholder,static,rendered,words,5,False,source,True,[],[],[],"candidate; inspect rendered context, empty-state exception and registered technical meaning"
3978,web/src/features/project-room/prepare/PreparePosture.tsx,196,web/src/features/project-room/prepare/PreparePosture.tsx:196,jsx-attr,Prepare: build the brief from these sources,aria-label,static,rendered,words,7,False,source,True,[],[],[],"candidate; inspect rendered context, empty-state exception and registered technical meaning"
4027,web/src/features/project-room/prepare/PreparePosture.tsx,522,web/src/features/project-room/prepare/PreparePosture.tsx:522,jsx-expression-string,OVER THE BOUND · NEWEST FIRST,JSX expression,static,rendered,words,5,False,source,True,[],[],[],"candidate; inspect rendered context, empty-state exception and registered technical meaning"
4039,web/src/features/project-room/prepare/PreparePosture.tsx,626,web/src/features/project-room/prepare/PreparePosture.tsx:626,ts-string,DETERMINISTIC,literal,candidate,possible,words,1,False,source,False,"[""DETERMINISTIC""]","[{""word"": ""DETERMINISTIC"", ""syllables_estimate"": 5, ""plain_candidate"": ""fixed""}]",[],"candidate; inspect rendered context, empty-state exception and registered technical meaning"
4067,web/src/features/project-room/prepare/PreparePosture.tsx,744,web/src/features/project-room/prepare/PreparePosture.tsx:744,jsx-attr,Discard?,confirmlabel,static,rendered,words,1,True,source,True,[],[],[],"candidate; inspect rendered context, empty-state exception and registered technical meaning"
4268,web/src/features/project-room/steward/StewardPosture.tsx,519,web/src/features/project-room/steward/StewardPosture.tsx:519,jsx-attr,Uses the model assigned in Settings > Models. Falls back to deterministic.,title,static,rendered,words,11,True,source,True,"[""deterministic""]","[{""word"": ""deterministic"", ""syllables_estimate"": 5, ""plain_candidate"": ""fixed""}]",[],"candidate; inspect rendered context, empty-state exception and registered technical meaning"
4274,web/src/features/project-room/steward/StewardPosture.tsx,544,web/src/features/project-room/steward/StewardPosture.tsx:544,jsx-attr,This PR has been waiting for review for {days} days.,placeholder,static,rendered,words,10,True,source,True,[],[],[],"candidate; inspect rendered context, empty-state exception and registered technical meaning"
4292,web/src/features/project-room/steward/StewardPosture.tsx,668,web/src/features/project-room/steward/StewardPosture.tsx:668,jsx-attr,No steward runs yet. Run once to start.,emptylabel,static,rendered,words,8,True,source,True,[],[],[],"candidate; inspect rendered context, empty-state exception and registered technical meaning"
4332,web/src/features/project-room/update/UpdatePosture.tsx,430,web/src/features/project-room/update/UpdatePosture.tsx:430,jsx-expression-string,Superseded drafts are read-only,JSX expression,static,rendered,words,5,False,source,True,[],[],[],"candidate; inspect rendered context, empty-state exception and registered technical meaning"
4333,web/src/features/project-room/update/UpdatePosture.tsx,431,web/src/features/project-room/update/UpdatePosture.tsx:431,jsx-expression-string,Published updates are read-only,JSX expression,static,rendered,words,5,False,source,True,[],[],[],"candidate; inspect rendered context, empty-state exception and registered technical meaning"
4339,web/src/features/project-room/update/UpdatePosture.tsx,495,web/src/features/project-room/update/UpdatePosture.tsx:495,jsx-attr,May send project data to the inference provider.,title,static,rendered,words,8,True,source,True,[],[],[],"candidate; inspect rendered context, empty-state exception and registered technical meaning"
4342,web/src/features/project-room/update/UpdatePosture.tsx,507,web/src/features/project-room/update/UpdatePosture.tsx:507,jsx-attr,No updates yet. Draft the first one.,emptylabel,static,rendered,words,7,True,source,True,[],[],[],"candidate; inspect rendered context, empty-state exception and registered technical meaning"
4386,web/src/lib/primitives.ts,609,web/src/lib/primitives.ts:609,ts-string,Intelligence,label,candidate,possible,words,1,False,source,False,[],"[{""word"": ""Intelligence"", ""syllables_estimate"": 4, ""plain_candidate"": ""summary, only for the meeting result""}]",[],"candidate; inspect rendered context, empty-state exception and registered technical meaning"
4449,web/src/lib/productLanguage.ts,111,web/src/lib/productLanguage.ts:111,ts-string,Unavailable,unavailable,static-map,vocabulary,words,1,False,source,False,[],"[{""word"": ""Unavailable"", ""syllables_estimate"": 5, ""plain_candidate"": ""not available""}]",[],"candidate; inspect rendered context, empty-state exception and registered technical meaning"
4514,web/src/meetings/MeetingConflictRecovery.tsx,58,web/src/meetings/MeetingConflictRecovery.tsx:58,jsx-text,"Deleted, with its retained projections",JSX text,static,rendered,words,5,False,source,True,[],[],[],"candidate; inspect rendered context, empty-state exception and registered technical meaning"
4540,web/src/meetings/MeetingIntelRecovery.tsx,203,web/src/meetings/MeetingIntelRecovery.tsx:203,jsx-attr,Meeting intelligence recovery,aria-label,static,rendered,words,3,False,source,False,[],"[{""word"": ""intelligence"", ""syllables_estimate"": 4, ""plain_candidate"": ""summary, only for the meeting result""}]",[],"candidate; inspect rendered context, empty-state exception and registered technical meaning"
4580,web/src/pages/cores/ActivityCore.tsx,192,web/src/pages/cores/ActivityCore.tsx:192,jsx-attr,Delete?,confirmlabel,static,rendered,words,1,True,source,True,[],[],[],"candidate; inspect rendered context, empty-state exception and registered technical meaning"
4592,web/src/pages/cores/ActivityCore.tsx,241,web/src/pages/cores/ActivityCore.tsx:241,jsx-attr,Clear all?,confirmlabel,static,rendered,words,2,True,source,True,[],[],[],"candidate; inspect rendered context, empty-state exception and registered technical meaning"
4608,web/src/pages/cores/AssignmentEditor.tsx,185,web/src/pages/cores/AssignmentEditor.tsx:185,jsx-text,Retry follows the server policy for,JSX text,static,rendered,words,6,False,source,True,[],[],[],"candidate; inspect rendered context, empty-state exception and registered technical meaning"
4610,web/src/pages/cores/AssignmentEditor.tsx,185,web/src/pages/cores/AssignmentEditor.tsx:185,jsx-text,.,JSX text,static,rendered,glyph-or-symbol,0,True,source,True,[],[],[],"candidate; inspect rendered context, empty-state exception and registered technical meaning"
4612,web/src/pages/cores/AssignmentEditor.tsx,186,web/src/pages/cores/AssignmentEditor.tsx:186,jsx-attr,This fallback can leave this device.,title,static,rendered,words,6,True,source,True,[],[],[],"candidate; inspect rendered context, empty-state exception and registered technical meaning"
4615,web/src/pages/cores/AssignmentEditor.tsx,186,web/src/pages/cores/AssignmentEditor.tsx:186,jsx-text,can leave this device.,JSX text,static,rendered,words,4,True,source,True,[],[],[],"candidate; inspect rendered context, empty-state exception and registered technical meaning"
4623,web/src/pages/cores/AssignmentEditor.tsx,200,web/src/pages/cores/AssignmentEditor.tsx:200,jsx-attr,This fallback can leave this device.,title,static,rendered,words,6,True,source,True,[],[],[],"candidate; inspect rendered context, empty-state exception and registered technical meaning"
4625,web/src/pages/cores/AssignmentEditor.tsx,201,web/src/pages/cores/AssignmentEditor.tsx:201,jsx-text,Replace unavailable model,JSX text,static,rendered,words,3,False,source,False,[],"[{""word"": ""unavailable"", ""syllables_estimate"": 5, ""plain_candidate"": ""not available""}]",[],"candidate; inspect rendered context, empty-state exception and registered technical meaning"
4646,web/src/pages/cores/AssignmentModelChooser.tsx,83,web/src/pages/cores/AssignmentModelChooser.tsx:83,jsx-attr,This model can leave this device.,title,static,rendered,words,6,True,source,True,[],[],[],"candidate; inspect rendered context, empty-state exception and registered technical meaning"
4705,web/src/pages/cores/CadenceCore.tsx,441,web/src/pages/cores/CadenceCore.tsx:441,jsx-text,WHILE THIS MAC IS AWAKE,JSX text,static,rendered,words,5,False,source,True,[],[],[],"candidate; inspect rendered context, empty-state exception and registered technical meaning"
4712,web/src/pages/cores/CadenceCore.tsx,511,web/src/pages/cores/CadenceCore.tsx:511,jsx-attr,Notification mode,label,static,rendered,words,2,False,source,False,[],"[{""word"": ""Notification"", ""syllables_estimate"": 5, ""plain_candidate"": ""alert""}]",[],"candidate; inspect rendered context, empty-state exception and registered technical meaning"
4713,web/src/pages/cores/CadenceCore.tsx,517,web/src/pages/cores/CadenceCore.tsx:517,jsx-attr,Notification content,label,static,rendered,words,2,False,source,False,[],"[{""word"": ""Notification"", ""syllables_estimate"": 5, ""plain_candidate"": ""alert""}]",[],"candidate; inspect rendered context, empty-state exception and registered technical meaning"
4725,web/src/pages/cores/CadenceCore.tsx,604,web/src/pages/cores/CadenceCore.tsx:604,jsx-attr,Done?,confirmlabel,static,rendered,words,1,True,source,True,[],[],[],"candidate; inspect rendered context, empty-state exception and registered technical meaning"
4727,web/src/pages/cores/CadenceCore.tsx,610,web/src/pages/cores/CadenceCore.tsx:610,jsx-attr,Kill?,confirmlabel,static,rendered,words,1,True,source,True,[],[],[],"candidate; inspect rendered context, empty-state exception and registered technical meaning"
4737,web/src/pages/cores/CalendarSnapshotReviewCore.tsx,137,web/src/pages/cores/CalendarSnapshotReviewCore.tsx:137,jsx-text,Writing events...,JSX text,static,rendered,words,2,True,source,True,[],[],[],"candidate; inspect rendered context, empty-state exception and registered technical meaning"
4747,web/src/pages/cores/CalendarSnapshotReviewCore.tsx,192,web/src/pages/cores/CalendarSnapshotReviewCore.tsx:192,jsx-text,Enter a date as YYYY-MM-DD,JSX text,static,rendered,words,7,False,source,True,[],[],[],"candidate; inspect rendered context, empty-state exception and registered technical meaning"
4749,web/src/pages/cores/CalendarSnapshotReviewCore.tsx,199,web/src/pages/cores/CalendarSnapshotReviewCore.tsx:199,jsx-attr,REMOVE?,deletelabel,static,rendered,words,1,True,source,True,[],[],[],"candidate; inspect rendered context, empty-state exception and registered technical meaning"
4801,web/src/pages/cores/CommandsCore.tsx,195,web/src/pages/cores/CommandsCore.tsx:195,jsx-attr,Delete?,confirmlabel,static,rendered,words,1,True,source,True,[],[],[],"candidate; inspect rendered context, empty-state exception and registered technical meaning"
4810,web/src/pages/cores/CommandsCore.tsx,284,web/src/pages/cores/CommandsCore.tsx:284,jsx-text,RUNS CODE ON THIS MACHINE WHEN THE KEYWORD MATCHES,JSX text,static,rendered,words,9,False,source,True,[],[],[],"candidate; inspect rendered context, empty-state exception and registered technical meaning"
4865,web/src/pages/cores/ComponentsCore.tsx,133,web/src/pages/cores/ComponentsCore.tsx:133,jsx-attr,EVERY CONTROL IS A GADGET,label,static,rendered,words,5,False,source,True,[],[],[],"candidate; inspect rendered context, empty-state exception and registered technical meaning"
4891,web/src/pages/cores/ComponentsCore.tsx,221,web/src/pages/cores/ComponentsCore.tsx:221,jsx-text,"Quiet row, caret, trailing token",JSX text,static,rendered,words,5,False,source,True,[],[],[],"candidate; inspect rendered context, empty-state exception and registered technical meaning"
4893,web/src/pages/cores/ComponentsCore.tsx,225,web/src/pages/cores/ComponentsCore.tsx:225,jsx-attr,The table and the armed delete,label,static,rendered,words,6,False,source,True,[],[],[],"candidate; inspect rendered context, empty-state exception and registered technical meaning"
4894,web/src/pages/cores/ComponentsCore.tsx,229,web/src/pages/cores/ComponentsCore.tsx:229,jsx-attr,DELETE?,deletelabel,static,rendered,words,1,True,source,True,[],[],[],"candidate; inspect rendered context, empty-state exception and registered technical meaning"
4896,web/src/pages/cores/ComponentsCore.tsx,247,web/src/pages/cores/ComponentsCore.tsx:247,jsx-attr,"Rows, states, and the two-step",label,static,rendered,words,6,False,source,True,[],[],[],"candidate; inspect rendered context, empty-state exception and registered technical meaning"
4899,web/src/pages/cores/ComponentsCore.tsx,257,web/src/pages/cores/ComponentsCore.tsx:257,jsx-attr,Delete?,confirmlabel,static,rendered,words,1,True,source,True,[],[],[],"candidate; inspect rendered context, empty-state exception and registered technical meaning"
4905,web/src/pages/cores/ComponentsCore.tsx,274,web/src/pages/cores/ComponentsCore.tsx:274,jsx-attr,The error leg renders in the flow,error,static,rendered,words,7,False,source,True,[],[],[],"candidate; inspect rendered context, empty-state exception and registered technical meaning"
4909,web/src/pages/cores/ComponentsCore.tsx,289,web/src/pages/cores/ComponentsCore.tsx:289,jsx-text,Models are downloading in the background.,JSX text,static,rendered,words,6,True,source,True,[],[],[],"candidate; inspect rendered context, empty-state exception and registered technical meaning"
4910,web/src/pages/cores/ComponentsCore.tsx,292,web/src/pages/cores/ComponentsCore.tsx:292,jsx-text,All checks passed.,JSX text,static,rendered,words,3,True,source,True,[],[],[],"candidate; inspect rendered context, empty-state exception and registered technical meaning"
4911,web/src/pages/cores/ComponentsCore.tsx,299,web/src/pages/cores/ComponentsCore.tsx:299,jsx-text,One model needs attention.,JSX text,static,rendered,words,4,True,source,True,[],[],[],"candidate; inspect rendered context, empty-state exception and registered technical meaning"
4912,web/src/pages/cores/ComponentsCore.tsx,302,web/src/pages/cores/ComponentsCore.tsx:302,jsx-text,Connection lost to the host.,JSX text,static,rendered,words,5,True,source,True,[],[],[],"candidate; inspect rendered context, empty-state exception and registered technical meaning"
4913,web/src/pages/cores/ComponentsCore.tsx,305,web/src/pages/cores/ComponentsCore.tsx:305,jsx-text,Default tone (no explicit tone set).,JSX text,static,rendered,words,6,True,source,True,[],[],[],"candidate; inspect rendered context, empty-state exception and registered technical meaning"
4916,web/src/pages/cores/ComponentsCore.tsx,310,web/src/pages/cores/ComponentsCore.tsx:310,jsx-text,"In-flow content, Escape closes",JSX text,static,rendered,words,5,False,source,True,[],[],[],"candidate; inspect rendered context, empty-state exception and registered technical meaning"
4925,web/src/pages/cores/ComponentsCore.tsx,340,web/src/pages/cores/ComponentsCore.tsx:340,jsx-attr,ChoiceCardGroup: radio semantics,label,static,rendered,words,3,False,source,False,"[""ChoiceCardGroup""]",[],[],"candidate; inspect rendered context, empty-state exception and registered technical meaning"
4929,web/src/pages/cores/ComponentsCore.tsx,353,web/src/pages/cores/ComponentsCore.tsx:353,jsx-attr,Runs entirely on your machine,description,static,rendered,words,5,False,source,True,[],[],[],"candidate; inspect rendered context, empty-state exception and registered technical meaning"
4930,web/src/pages/cores/ComponentsCore.tsx,364,web/src/pages/cores/ComponentsCore.tsx:364,jsx-text,Thoughts &amp; notes · Meetings · Writing &amp; dictation,JSX text,static,rendered,words,7,False,source,True,[],[],[],"candidate; inspect rendered context, empty-state exception and registered technical meaning"
4934,web/src/pages/cores/ComponentsCore.tsx,382,web/src/pages/cores/ComponentsCore.tsx:382,jsx-text,Chat &amp; agents · Speech recognition,JSX text,static,rendered,words,5,False,source,True,[],[],[],"candidate; inspect rendered context, empty-state exception and registered technical meaning"
4937,web/src/pages/cores/ComponentsCore.tsx,391,web/src/pages/cores/ComponentsCore.tsx:391,jsx-attr,Temporarily unavailable,description,static,rendered,words,2,False,source,False,[],"[{""word"": ""unavailable"", ""syllables_estimate"": 5, ""plain_candidate"": ""not available""}]",[],"candidate; inspect rendered context, empty-state exception and registered technical meaning"
4943,web/src/pages/cores/ComponentsCore.tsx,417,web/src/pages/cores/ComponentsCore.tsx:417,jsx-text,Popover content. Escape dismisses. Focus is trapped.,JSX text,static,rendered,words,7,True,source,True,[],[],[],"candidate; inspect rendered context, empty-state exception and registered technical meaning"
4944,web/src/pages/cores/ComponentsCore.tsx,421,web/src/pages/cores/ComponentsCore.tsx:421,jsx-attr,ProvenanceChip and Receipt: footer slots,label,static,rendered,words,5,False,source,True,"[""ProvenanceChip""]",[],[],"candidate; inspect rendered context, empty-state exception and registered technical meaning"
4948,web/src/pages/cores/ComponentsCore.tsx,433,web/src/pages/cores/ComponentsCore.tsx:433,jsx-attr,TopologySurface: graph viewport,label,static,rendered,words,3,False,source,False,"[""TopologySurface""]",[],[],"candidate; inspect rendered context, empty-state exception and registered technical meaning"
4971,web/src/pages/cores/ConstitutionalContextCore.tsx,171,web/src/pages/cores/ConstitutionalContextCore.tsx:171,jsx-attr,Constitutional context,label,static,rendered,words,2,False,source,False,"[""Constitutional""]",[],[],"candidate; inspect rendered context, empty-state exception and registered technical meaning"
4972,web/src/pages/cores/ConstitutionalContextCore.tsx,173,web/src/pages/cores/ConstitutionalContextCore.tsx:173,jsx-attr,Constitutional context,label,static,rendered,words,2,False,source,False,"[""Constitutional""]",[],[],"candidate; inspect rendered context, empty-state exception and registered technical meaning"
4973,web/src/pages/cores/ConstitutionalContextCore.tsx,186,web/src/pages/cores/ConstitutionalContextCore.tsx:186,jsx-attr,"Role, stack, rules One fact per line",placeholder,static,rendered,words,7,False,source,True,[],[],[],"candidate; inspect rendered context, empty-state exception and registered technical meaning"
4976,web/src/pages/cores/ContextualAssignment.tsx,83,web/src/pages/cores/ContextualAssignment.tsx:83,jsx-text,Assignment unavailable,JSX text,static,rendered,words,2,False,source,False,[],"[{""word"": ""unavailable"", ""syllables_estimate"": 5, ""plain_candidate"": ""not available""}]",[],"candidate; inspect rendered context, empty-state exception and registered technical meaning"
4995,web/src/pages/cores/HistoryCore.tsx,270,web/src/pages/cores/HistoryCore.tsx:270,jsx-attr,No model is assigned to meeting summaries.,title,static,rendered,words,7,True,source,True,[],[],[],"candidate; inspect rendered context, empty-state exception and registered technical meaning"
4997,web/src/pages/cores/HistoryCore.tsx,279,web/src/pages/cores/HistoryCore.tsx:279,jsx-attr,Where a meeting summary runs.,title,static,rendered,words,5,True,source,True,[],[],[],"candidate; inspect rendered context, empty-state exception and registered technical meaning"
5015,web/src/pages/cores/HistoryCore.tsx,526,web/src/pages/cores/HistoryCore.tsx:526,jsx-attr,Delete?,confirmlabel,static,rendered,words,1,True,source,True,[],[],[],"candidate; inspect rendered context, empty-state exception and registered technical meaning"
5020,web/src/pages/cores/LiveCore.tsx,340,web/src/pages/cores/LiveCore.tsx:340,jsx-attr,Intelligence,label,static,rendered,words,1,False,source,False,[],"[{""word"": ""Intelligence"", ""syllables_estimate"": 4, ""plain_candidate"": ""summary, only for the meeting result""}]",[],"candidate; inspect rendered context, empty-state exception and registered technical meaning"
5034,web/src/pages/cores/LiveCore.tsx,442,web/src/pages/cores/LiveCore.tsx:442,jsx-attr,Intelligence,label,static,rendered,words,1,False,source,False,[],"[{""word"": ""Intelligence"", ""syllables_estimate"": 4, ""plain_candidate"": ""summary, only for the meeting result""}]",[],"candidate; inspect rendered context, empty-state exception and registered technical meaning"
5081,web/src/pages/cores/ModelLibraryCore.tsx,323,web/src/pages/cores/ModelLibraryCore.tsx:323,jsx-attr,Provider request leaves this hub.,title,static,rendered,words,5,True,source,True,[],[],[],"candidate; inspect rendered context, empty-state exception and registered technical meaning"
5104,web/src/pages/cores/ModelLibraryCore.tsx,379,web/src/pages/cores/ModelLibraryCore.tsx:379,jsx-attr,Provider request leaves this hub.,title,static,rendered,words,5,True,source,True,[],[],[],"candidate; inspect rendered context, empty-state exception and registered technical meaning"
5116,web/src/pages/cores/ModelLibraryCore.tsx,391,web/src/pages/cores/ModelLibraryCore.tsx:391,jsx-attr,Provider request leaves this hub.,title,static,rendered,words,5,True,source,True,[],[],[],"candidate; inspect rendered context, empty-state exception and registered technical meaning"
5155,web/src/pages/cores/PeopleCore.tsx,94,web/src/pages/cores/PeopleCore.tsx:94,ts-string,Key unavailable,label,candidate,possible,words,2,False,source,False,[],"[{""word"": ""unavailable"", ""syllables_estimate"": 5, ""plain_candidate"": ""not available""}]",[],"candidate; inspect rendered context, empty-state exception and registered technical meaning"
5156,web/src/pages/cores/PeopleCore.tsx,96,web/src/pages/cores/PeopleCore.tsx:96,ts-string,Store unavailable,label,candidate,possible,words,2,False,source,False,[],"[{""word"": ""unavailable"", ""syllables_estimate"": 5, ""plain_candidate"": ""not available""}]",[],"candidate; inspect rendered context, empty-state exception and registered technical meaning"
5165,web/src/pages/cores/PeopleCore.tsx,231,web/src/pages/cores/PeopleCore.tsx:231,jsx-expression-string,"Encrypted, local-only relationship context",JSX expression,static,rendered,words,5,False,source,True,[],[],[],"candidate; inspect rendered context, empty-state exception and registered technical meaning"
5170,web/src/pages/cores/PeopleCore.tsx,260,web/src/pages/cores/PeopleCore.tsx:260,jsx-attr,Everyone: clear the Project scope,aria-label,static,rendered,words,5,False,source,True,[],[],[],"candidate; inspect rendered context, empty-state exception and registered technical meaning"
5179,web/src/pages/cores/PeopleCore.tsx,267,web/src/pages/cores/PeopleCore.tsx:267,jsx-text,Add a relationship to start,JSX text,static,rendered,words,5,False,source,True,[],[],[],"candidate; inspect rendered context, empty-state exception and registered technical meaning"
5195,web/src/pages/cores/PeopleCore.tsx,376,web/src/pages/cores/PeopleCore.tsx:376,jsx-attr,Brief unavailable,emptylabel,static,rendered,words,2,False,source,False,[],"[{""word"": ""unavailable"", ""syllables_estimate"": 5, ""plain_candidate"": ""not available""}]",[],"candidate; inspect rendered context, empty-state exception and registered technical meaning"
5235,web/src/pages/cores/PeopleCore.tsx,529,web/src/pages/cores/PeopleCore.tsx:529,jsx-attr,Unlink?,confirmlabel,static,rendered,words,1,True,source,True,[],[],[],"candidate; inspect rendered context, empty-state exception and registered technical meaning"
5244,web/src/pages/cores/PeopleCore.tsx,586,web/src/pages/cores/PeopleCore.tsx:586,jsx-attr,Remove?,confirmlabel,static,rendered,words,1,True,source,True,[],[],[],"candidate; inspect rendered context, empty-state exception and registered technical meaning"
5306,web/src/pages/cores/PeopleCore.tsx,717,web/src/pages/cores/PeopleCore.tsx:717,jsx-attr,What fulfilled the commitment?,placeholder,static,rendered,words,4,True,source,True,[],[],[],"candidate; inspect rendered context, empty-state exception and registered technical meaning"
5349,web/src/pages/cores/PeopleCore.tsx,739,web/src/pages/cores/PeopleCore.tsx:739,jsx-attr,Archive?,confirmlabel,static,rendered,words,1,True,source,True,[],[],[],"candidate; inspect rendered context, empty-state exception and registered technical meaning"
5371,web/src/pages/cores/RuntimeDocsCore.tsx,27,web/src/pages/cores/RuntimeDocsCore.tsx:27,jsx-attr,Local GGUF with llama.cpp,title,static,rendered,words,5,False,source,True,[],[],[],"candidate; inspect rendered context, empty-state exception and registered technical meaning"
5461,web/src/pages/cores/SettingsCore.tsx,672,web/src/pages/cores/SettingsCore.tsx:672,jsx-text,TOKEN SHOWN ONCE — COPY IT NOW,JSX text,static,rendered,words,6,False,source,True,[],[],[],"candidate; inspect rendered context, empty-state exception and registered technical meaning"
5464,web/src/pages/cores/SettingsCore.tsx,684,web/src/pages/cores/SettingsCore.tsx:684,jsx-attr,e.g. sweep-runner,placeholder,static,rendered,words,4,True,source,True,[],[],[],"candidate; inspect rendered context, empty-state exception and registered technical meaning"
5488,web/src/pages/cores/SettingsCore.tsx,1216,web/src/pages/cores/SettingsCore.tsx:1216,jsx-attr,Transcription,label,static,rendered,words,1,False,source,False,"[""Transcription""]",[],[],"candidate; inspect rendered context, empty-state exception and registered technical meaning"
5499,web/src/pages/cores/SettingsCore.tsx,1234,web/src/pages/cores/SettingsCore.tsx:1234,jsx-attr,FORGET?,deletelabel,static,rendered,words,1,True,source,True,[],[],[],"candidate; inspect rendered context, empty-state exception and registered technical meaning"
5511,web/src/pages/cores/SettingsCore.tsx,1289,web/src/pages/cores/SettingsCore.tsx:1289,jsx-expression-string,type lands in the focused app,JSX expression,static,rendered,words,6,False,source,True,[],[],[],"candidate; inspect rendered context, empty-state exception and registered technical meaning"
5513,web/src/pages/cores/SettingsCore.tsx,1294,web/src/pages/cores/SettingsCore.tsx:1294,jsx-attr,Transcription,label,static,rendered,words,1,False,source,False,"[""Transcription""]",[],[],"candidate; inspect rendered context, empty-state exception and registered technical meaning"
5542,web/src/pages/cores/SettingsCore.tsx,1451,web/src/pages/cores/SettingsCore.tsx:1451,jsx-attr,Calendar URL or file path,label,static,rendered,words,5,False,source,True,[],[],[],"candidate; inspect rendered context, empty-state exception and registered technical meaning"
5543,web/src/pages/cores/SettingsCore.tsx,1453,web/src/pages/cores/SettingsCore.tsx:1453,jsx-attr,Paste an ICS URL or a file path,placeholder,static,rendered,words,8,False,source,True,[],[],[],"candidate; inspect rendered context, empty-state exception and registered technical meaning"
5548,web/src/pages/cores/SettingsCore.tsx,1470,web/src/pages/cores/SettingsCore.tsx:1470,jsx-attr,Intelligence,label,static,rendered,words,1,False,source,False,[],"[{""word"": ""Intelligence"", ""syllables_estimate"": 4, ""plain_candidate"": ""summary, only for the meeting result""}]",[],"candidate; inspect rendered context, empty-state exception and registered technical meaning"
5549,web/src/pages/cores/SettingsCore.tsx,1472,web/src/pages/cores/SettingsCore.tsx:1472,jsx-attr,Auto-run intelligence,label,static,rendered,words,3,False,source,False,[],"[{""word"": ""intelligence"", ""syllables_estimate"": 4, ""plain_candidate"": ""summary, only for the meeting result""}]",[],"candidate; inspect rendered context, empty-state exception and registered technical meaning"
5607,web/src/pages/cores/SettingsCore.tsx,1689,web/src/pages/cores/SettingsCore.tsx:1689,jsx-attr,Intelligence,label,static,rendered,words,1,False,source,False,[],"[{""word"": ""Intelligence"", ""syllables_estimate"": 4, ""plain_candidate"": ""summary, only for the meeting result""}]",[],"candidate; inspect rendered context, empty-state exception and registered technical meaning"
5664,web/src/pages/cores/SettingsCore.tsx,1847,web/src/pages/cores/SettingsCore.tsx:1847,jsx-text,values stay on this hub,JSX text,static,rendered,words,5,False,source,True,[],[],[],"candidate; inspect rendered context, empty-state exception and registered technical meaning"
5690,web/src/pages/cores/SetupCore.tsx,140,web/src/pages/cores/SetupCore.tsx:140,jsx-expression-string,Run one dictation to verify,JSX expression,static,rendered,words,5,False,source,True,[],[],[],"candidate; inspect rendered context, empty-state exception and registered technical meaning"
5727,web/src/pages/cores/TopologyMapView.tsx,439,web/src/pages/cores/TopologyMapView.tsx:439,jsx-attr,http://192.168.1.43:8080/v1,placeholder,static,rendered,words,7,False,source,True,[],[],[],"candidate; inspect rendered context, empty-state exception and registered technical meaning"
5737,web/src/pages/cores/TopologyMapView.tsx,453,web/src/pages/cores/TopologyMapView.tsx:453,jsx-attr,Request leaves this hub.,title,static,rendered,words,4,True,source,True,[],[],[],"candidate; inspect rendered context, empty-state exception and registered technical meaning"
5748,web/src/pages/cores/TopologyMapView.tsx,549,web/src/pages/cores/TopologyMapView.tsx:549,jsx-attr,Infrastructure topology,arialabel,static,rendered,words,2,False,source,False,"[""Infrastructure""]",[],[],"candidate; inspect rendered context, empty-state exception and registered technical meaning"
5846,web/src/pages/cores/dictation/Blocks.tsx,166,web/src/pages/cores/dictation/Blocks.tsx:166,jsx-attr,Delete?,confirmlabel,static,rendered,words,1,True,source,True,[],[],[],"candidate; inspect rendered context, empty-state exception and registered technical meaning"
5852,web/src/pages/cores/dictation/Blocks.tsx,197,web/src/pages/cores/dictation/Blocks.tsx:197,jsx-attr,"Say: standup notes, stand up",placeholder,static,rendered,words,5,False,source,True,[],[],[],"candidate; inspect rendered context, empty-state exception and registered technical meaning"
5858,web/src/pages/cores/dictation/DictationSections.tsx,33,web/src/pages/cores/dictation/DictationSections.tsx:33,jsx-text,RUNS ON LIVES IN MODELS,JSX text,static,rendered,words,5,False,source,True,[],[],[],"candidate; inspect rendered context, empty-state exception and registered technical meaning"
5875,web/src/pages/cores/dictation/DictationSections.tsx,135,web/src/pages/cores/dictation/DictationSections.tsx:135,jsx-attr,No recent activity to cite,emptylabel,static,rendered,words,5,False,source,True,[],[],[],"candidate; inspect rendered context, empty-state exception and registered technical meaning"
5893,web/src/pages/cores/dictation/Journal.tsx,269,web/src/pages/cores/dictation/Journal.tsx:269,jsx-attr,Delete?,confirmlabel,static,rendered,words,1,True,source,True,[],[],[],"candidate; inspect rendered context, empty-state exception and registered technical meaning"
5901,web/src/pages/cores/dictation/Journal.tsx,526,web/src/pages/cores/dictation/Journal.tsx:526,jsx-attr,Clear all?,confirmlabel,static,rendered,words,2,True,source,True,[],[],[],"candidate; inspect rendered context, empty-state exception and registered technical meaning"
5915,web/src/pages/cores/dictation/Knowledge.tsx,125,web/src/pages/cores/dictation/Knowledge.tsx:125,jsx-attr,Forget?,confirmlabel,static,rendered,words,1,True,source,True,[],[],[],"candidate; inspect rendered context, empty-state exception and registered technical meaning"
5933,web/src/pages/cores/dictation/Learned.tsx,221,web/src/pages/cores/dictation/Learned.tsx:221,jsx-attr,Forget?,confirmlabel,static,rendered,words,1,True,source,True,[],[],[],"candidate; inspect rendered context, empty-state exception and registered technical meaning"
5962,web/src/pages/cores/dictation/Readiness.tsx,181,web/src/pages/cores/dictation/Readiness.tsx:181,jsx-attr,PIPELINE UNAVAILABLE,label,static,rendered,words,2,False,source,False,[],"[{""word"": ""UNAVAILABLE"", ""syllables_estimate"": 5, ""plain_candidate"": ""not available""}]",[],"candidate; inspect rendered context, empty-state exception and registered technical meaning"
5963,web/src/pages/cores/dictation/Readiness.tsx,182,web/src/pages/cores/dictation/Readiness.tsx:182,jsx-text,READINESS UNAVAILABLE,JSX text,static,rendered,words,2,False,source,False,[],"[{""word"": ""UNAVAILABLE"", ""syllables_estimate"": 5, ""plain_candidate"": ""not available""}]",[],"candidate; inspect rendered context, empty-state exception and registered technical meaning"
6031,web/src/pages/cores/dictation/SpeakFace.tsx,688,web/src/pages/cores/dictation/SpeakFace.tsx:688,jsx-text,CHECKING...,JSX text,static,rendered,words,1,True,source,True,[],[],[],"candidate; inspect rendered context, empty-state exception and registered technical meaning"
6123,web/src/pages/cores/dictation/_parked/UtteranceWell.tsx,60,web/src/pages/cores/dictation/_parked/UtteranceWell.tsx:60,jsx-attr,"Project root: optional grounding scope, saved only on this device",label,static,rendered,words,10,False,parked,True,[],[],[],"candidate; inspect rendered context, empty-state exception and registered technical meaning"
6185,web/src/pages/cores/history/CaptureSlab.tsx,36,web/src/pages/cores/history/CaptureSlab.tsx:36,jsx-text,TRANSCRIPT RETAINED · LAST DURABLE CHECKPOINT,JSX text,static,rendered,words,5,False,source,True,[],[],[],"candidate; inspect rendered context, empty-state exception and registered technical meaning"
6210,web/src/pages/cores/history/DoorSection.tsx,128,web/src/pages/cores/history/DoorSection.tsx:128,jsx-expression-string,Retry intelligence,JSX expression,static,rendered,words,2,False,source,False,[],"[{""word"": ""intelligence"", ""syllables_estimate"": 4, ""plain_candidate"": ""summary, only for the meeting result""}]",[],"candidate; inspect rendered context, empty-state exception and registered technical meaning"
6216,web/src/pages/cores/history/ImportSection.tsx,68,web/src/pages/cores/history/ImportSection.tsx:68,jsx-text,or drop a recording below,JSX text,static,rendered,words,5,False,source,True,[],[],[],"candidate; inspect rendered context, empty-state exception and registered technical meaning"
6218,web/src/pages/cores/history/ImportSection.tsx,90,web/src/pages/cores/history/ImportSection.tsx:90,jsx-text,drop another file to replace it,JSX text,static,rendered,words,6,False,source,True,[],[],[],"candidate; inspect rendered context, empty-state exception and registered technical meaning"
6220,web/src/pages/cores/history/ImportSection.tsx,97,web/src/pages/cores/history/ImportSection.tsx:97,jsx-text,"Drop it here, or browse",JSX text,static,rendered,words,5,False,source,True,[],[],[],"candidate; inspect rendered context, empty-state exception and registered technical meaning"
6221,web/src/pages/cores/history/ImportSection.tsx,101,web/src/pages/cores/history/ImportSection.tsx:101,jsx-text,.WAV .MP3 .M4A .OGG .FLAC .VTT .SRT .TXT,JSX text,static,rendered,words,8,False,source,True,[],[],[],"candidate; inspect rendered context, empty-state exception and registered technical meaning"
6290,web/src/pages/cores/history/MeetingReview.tsx,557,web/src/pages/cores/history/MeetingReview.tsx:557,jsx-attr,Dismiss?,confirmlabel,static,rendered,words,1,True,source,True,[],[],[],"candidate; inspect rendered context, empty-state exception and registered technical meaning"
6322,web/src/pages/cores/history/MeetingReview.tsx,699,web/src/pages/cores/history/MeetingReview.tsx:699,jsx-text,MTG,JSX text,static,rendered,words,1,False,source,False,[],[],"[""MTG""]","candidate; inspect rendered context, empty-state exception and registered technical meaning"
6557,web/src/pages/cores/settingsPrefs.tsx,203,web/src/pages/cores/settingsPrefs.tsx:203,ts-string,Luxembourgish,literal,static-map,vocabulary,words,1,False,source,False,"[""Luxembourgish""]",[],[],"candidate; inspect rendered context, empty-state exception and registered technical meaning"
6572,web/src/pages/cores/settingsPrefs.tsx,307,web/src/pages/cores/settingsPrefs.tsx:307,jsx-text,TOMBSTONES EXISTING DESK OBJECTS · RESTORES FURNISHED DEFAULTS,JSX text,static,rendered,words,7,False,source,True,[],[],[],"candidate; inspect rendered context, empty-state exception and registered technical meaning"
6573,web/src/pages/cores/settingsPrefs.tsx,312,web/src/pages/cores/settingsPrefs.tsx:312,jsx-text,KEEPS · MEETINGS · JOURNAL · SETTINGS · RUNS-ON TARGETS,JSX text,static,rendered,words,7,False,source,True,[],[],[],"candidate; inspect rendered context, empty-state exception and registered technical meaning"
6575,web/src/pages/cores/settingsPrefs.tsx,318,web/src/pages/cores/settingsPrefs.tsx:318,jsx-attr,TOMBSTONE DESK & RESTORE DEFAULTS?,confirmlabel,static,rendered,words,4,True,source,True,[],[],[],"candidate; inspect rendered context, empty-state exception and registered technical meaning"
6597,web/src/pages/cores/settingsPrefs.tsx,498,web/src/pages/cores/settingsPrefs.tsx:498,jsx-attr,INTELLIGENCE OFF,label,static,rendered,words,2,False,source,False,[],"[{""word"": ""INTELLIGENCE"", ""syllables_estimate"": 4, ""plain_candidate"": ""summary, only for the meeting result""}]",[],"candidate; inspect rendered context, empty-state exception and registered technical meaning"
6629,web/src/pages/cores/settingsTts.tsx,90,web/src/pages/cores/settingsTts.tsx:90,jsx-text,SERVER VOICE · pip install &apos;holdspeak[tts]&apos;,JSX text,static,rendered,words,8,False,source,True,[],[],[],"candidate; inspect rendered context, empty-state exception and registered technical meaning"
6637,web/src/pages/cores/settingsTts.tsx,111,web/src/pages/cores/settingsTts.tsx:111,jsx-attr,DOWNLOADS huggingface.co · ~90 MB,label,static,rendered,words,5,False,source,True,[],[],[],"candidate; inspect rendered context, empty-state exception and registered technical meaning"
6638,web/src/pages/cores/settingsTts.tsx,112,web/src/pages/cores/settingsTts.tsx:112,jsx-attr,One-time model download from Hugging Face.,title,static,rendered,words,7,True,source,True,[],[],[],"candidate; inspect rendered context, empty-state exception and registered technical meaning"
6643,web/src/pages/cores/settingsTts.tsx,136,web/src/pages/cores/settingsTts.tsx:136,jsx-text,GPL-3.0 · phonemizer + espeak-ng,JSX text,static,rendered,words,6,False,source,True,[],[],[],"candidate; inspect rendered context, empty-state exception and registered technical meaning"
6659,web/src/pages/cores/settingsWallpaper.tsx,143,web/src/pages/cores/settingsWallpaper.tsx:143,jsx-text,SAVED ON THIS BROWSER · APPLIES LIVE TO THE FLOOR,JSX text,static,rendered,words,9,False,source,True,[],[],[],"candidate; inspect rendered context, empty-state exception and registered technical meaning"
