classification,control,line,path,reason,tag,type
library implementation,<button>,35,web/src/components/signal/Signal.tsx,surface library implementation,"<button       className={`btn btn--${variant}${dense ? "" btn--sm"" : """"} ${className}`}       disabled={disabled || loading}       aria-busy={loading || undefined}       {...props}     >",
library implementation,<input>,86,web/src/components/signal/Signal.tsx,surface library implementation,"<input className={`hs-control ${props.className ?? """"}`} {...props} />",text/unspecified
library implementation,<textarea>,91,web/src/components/signal/Signal.tsx,surface library implementation,"<textarea       className={`hs-control signal-textarea ${props.className ?? """"}`}       {...props}     />",
library implementation,<select>,100,web/src/components/signal/Signal.tsx,surface library implementation,"<select       className={`hs-control hs-select ${props.className ?? """"}`}       {...props}     />",
sanctioned,<button>,51,web/src/design/AtmospherePreview.tsx,developer preview surface; excluded from owner-facing face census,"<button             type=""button""             aria-pressed={controls.motion}             onClick={() => controls.setMotion(!controls.motion)}           >",
sanctioned,<button>,58,web/src/design/AtmospherePreview.tsx,developer preview surface; excluded from owner-facing face census,"<button             type=""button""             aria-pressed={controls.sound}             onClick={() => controls.setSound(!controls.sound)}           >",
sanctioned,<button>,80,web/src/design/AtmospherePreview.tsx,developer preview surface; excluded from owner-facing face census,"<button             type=""button""             aria-label=""Previous environment""             onClick={() => step(-1)}           >",
sanctioned,<button>,87,web/src/design/AtmospherePreview.tsx,developer preview surface; excluded from owner-facing face census,"<button             type=""button""             aria-label=""Next environment""             onClick={() => step(1)}           >",
sanctioned,<button>,94,web/src/design/AtmospherePreview.tsx,developer preview surface; excluded from owner-facing face census,"<button             type=""button""             onClick={() => select(id)}             disabled={savedId === id}           >",
sanctioned,<button>,108,web/src/design/AtmospherePreview.tsx,developer preview surface; excluded from owner-facing face census,"<button               type=""button""               key={entry.id}               data-scene={entry.id}               aria-pressed={id === entry.id}               onClick={() => change(entry.id)}             >",
face violation,<textarea>,432,web/src/desk/components/AskPanel.tsx,UX-CANON B/T5: raw consumer control bypasses a surface species,"<textarea                   rows={3}                   value={prompt}                   placeholder=""Instruction""                   autoFocus                   onChange={(e) => setPrompt(e.target.value)}                   onKeyDown={(e) => {                     if (e.key === ""Enter"" && !e.shiftKey) {                       e.preventDefault();                 ",
face violation,<button>,135,web/src/desk/components/CallChip.tsx,UX-CANON A.1/U1: every verb is the library Button,"<button       type=""button""       className={`thread-call-chip thread-call-chip--${chipState}`}       data-testid=""call-chip""       data-call-state={chipState}       onClick={handleClick}       onKeyDown={handleKeyDown}       aria-label={`Call: ${chipState}`}       tabIndex={0}     >",
face violation,<button>,89,web/src/desk/components/DeliveryBoard.tsx,UX-CANON A.1/U1: every verb is the library Button,"<button         type=""button""         className=""desk-chip quiet""         onClick={() => void useDelivery.getState().refresh()}       >",
face violation,<button>,439,web/src/desk/components/DeliveryBoard.tsx,UX-CANON A.1/U1: every verb is the library Button,"<button                     type=""button""                     className=""desk-chip quiet""                     title=""open the phase dossier""                     onClick={() =>                       void useDeliveryDossier                         .getState()                         .openPhase(p.slug, p.currentPhase!.number, source.sourceId)                   ",
face violation,<button>,467,web/src/desk/components/DeliveryBoard.tsx,UX-CANON A.1/U1: every verb is the library Button,"<button                         type=""button""                         className=""desk-mc-story-pick""                         title={`${s.title} [${s.status}]`}                         onClick={() =>                           void useDeliveryDossier                             .getState()                             .openStory(p.slug, s.storyId, source.source",
face violation,<button>,236,web/src/desk/components/DeliveryDossierWindow.tsx,UX-CANON A.1/U1: every verb is the library Button,"<button                       type=""button""                       className=""desk-dlv-story-open""                       onClick={() =>                         void useDeliveryDossier                           .getState()                           .openStory(dossier.project, s.storyId)                       }                     >",
face violation,<button>,52,web/src/desk/components/DeliveryListSection.tsx,UX-CANON A.1/U1: every verb is the library Button,"<button                     type=""button""                     className=""desk-list-open""                     onClick={() => openRow(row)}                   >",
face violation,<button>,41,web/src/desk/components/DeskChrome.tsx,UX-CANON A.1/U1: every verb is the library Button,"<button       type=""button""       className={`desk-bell${attention.open ? "" is-open"" : """"}`}       aria-label={         badge           ? `Desk memory: ${badge} need attention`           : ""Desk memory""       }       title=""Desk memory""       onClick={() => attention.activate()}     >",
face violation,<button>,160,web/src/desk/components/DeskChrome.tsx,UX-CANON A.1/U1: every verb is the library Button,"<button             type=""button""             ref={markRef}             className=""desk-mark""             aria-expanded={menuOpen}             aria-haspopup=""menu""             onPointerDown={(e) => {               if (e.button !== 0) return;               if (menuOpen) setMenuOpen(false);               else {                 const r = e.currentTarget.getBoun",
face violation,<button>,40,web/src/desk/components/DeskCreateMenu.tsx,UX-CANON A.1/U1: every verb is the library Button,"<button         ref={buttonRef}         type=""button""         className=""desk-chip desk-create-button""         aria-haspopup=""menu""         aria-expanded={open}         aria-controls={id}         onClick={() => setOpen((value) => !value)}       >",
face violation,<button>,330,web/src/desk/components/DeskEditor.tsx,UX-CANON A.1/U1: every verb is the library Button,"<button               type=""button""               className=""desk-chip quiet""               aria-label=""Bold""               title=""Bold (⌘B)""               onMouseDown={(event) => event.preventDefault()}               onClick={useView((view) => toggleInlineWrap(view, ""**""))}             >",
face violation,<button>,340,web/src/desk/components/DeskEditor.tsx,UX-CANON A.1/U1: every verb is the library Button,"<button               type=""button""               className=""desk-chip quiet""               aria-label=""Italic""               title=""Italic (⌘I)""               onMouseDown={(event) => event.preventDefault()}               onClick={useView((view) => toggleInlineWrap(view, ""*""))}             >",
face violation,<button>,350,web/src/desk/components/DeskEditor.tsx,UX-CANON A.1/U1: every verb is the library Button,"<button               type=""button""               className=""desk-chip quiet""               aria-label=""Underline""               title=""Underline""               onMouseDown={(event) => event.preventDefault()}               onClick={useView((view) => toggleInlineWrap(view, ""<u>"", ""</u>""))}             >",
face violation,<button>,360,web/src/desk/components/DeskEditor.tsx,UX-CANON A.1/U1: every verb is the library Button,"<button               type=""button""               className=""desk-chip quiet""               title=""Heading 1""               onMouseDown={(event) => event.preventDefault()}               onClick={useView((view) => setHeading(view, 1))}             >",
face violation,<button>,369,web/src/desk/components/DeskEditor.tsx,UX-CANON A.1/U1: every verb is the library Button,"<button               type=""button""               className=""desk-chip quiet""               title=""Heading 2""               onMouseDown={(event) => event.preventDefault()}               onClick={useView((view) => setHeading(view, 2))}             >",
face violation,<button>,378,web/src/desk/components/DeskEditor.tsx,UX-CANON A.1/U1: every verb is the library Button,"<button               type=""button""               className=""desk-chip quiet""               title=""Heading 3""               onMouseDown={(event) => event.preventDefault()}               onClick={useView((view) => setHeading(view, 3))}             >",
face violation,<button>,387,web/src/desk/components/DeskEditor.tsx,UX-CANON A.1/U1: every verb is the library Button,"<button               type=""button""               className=""desk-chip quiet""               title=""Bulleted list""               onMouseDown={(event) => event.preventDefault()}               onClick={useView((view) => togglePrefix(view, /^-\s/, ""- ""))}             >",
face violation,<button>,396,web/src/desk/components/DeskEditor.tsx,UX-CANON A.1/U1: every verb is the library Button,"<button               type=""button""               className=""desk-chip quiet""               title=""Numbered list""               onMouseDown={(event) => event.preventDefault()}               onClick={useView((view) => togglePrefix(view, /^\d+\.\s/, ""1. ""))}             >",
face violation,<button>,405,web/src/desk/components/DeskEditor.tsx,UX-CANON A.1/U1: every verb is the library Button,"<button               type=""button""               className=""desk-chip quiet""               title=""Code""               onMouseDown={(event) => event.preventDefault()}               onClick={useView(toggleCode)}             >",
face violation,<button>,414,web/src/desk/components/DeskEditor.tsx,UX-CANON A.1/U1: every verb is the library Button,"<button               type=""button""               className=""desk-chip quiet""               title=""Link""               onMouseDown={(event) => event.preventDefault()}               onClick={useView(insertLink)}             >",
face violation,<button>,423,web/src/desk/components/DeskEditor.tsx,UX-CANON A.1/U1: every verb is the library Button,"<button               type=""button""               className=""desk-chip quiet""               title=""Quote""               onMouseDown={(event) => event.preventDefault()}               onClick={useView((view) => togglePrefix(view, /^>\s/, ""> ""))}             >",
face violation,<button>,137,web/src/desk/components/DeskFilingStrip.tsx,UX-CANON A.1/U1: every verb is the library Button,"<button                       key={String(zone.id)}                       type=""button""                       className={`desk-chip quiet${inZone ? "" in-zone"" : """"}`}                       aria-pressed={inZone}                       onClick={() =>                         void (inZone                           ? useDesk.getState().removeFromDir(objectId, Stri",
face violation,<button>,165,web/src/desk/components/DeskFilingStrip.tsx,UX-CANON A.1/U1: every verb is the library Button,"<button                       key={knowledge.id}                       type=""button""                       className={`desk-chip quiet${active ? "" in-zone"" : """"}`}                       aria-pressed={active}                       onClick={() => void toggleRelationship(""knowledge"", knowledge.id, active)}                     >",
face violation,<button>,190,web/src/desk/components/DeskFilingStrip.tsx,UX-CANON A.1/U1: every verb is the library Button,"<button                         type=""button""                         className={`desk-chip quiet${active ? "" in-zone"" : """"}`}                         aria-label={`${active ? ""Remove from"" : ""Assign to""} ${project.name} Project`}                         aria-pressed={active}                         onClick={() => void toggleRelationship(""projects"", project.i",
face violation,<button>,200,web/src/desk/components/DeskFilingStrip.tsx,UX-CANON A.1/U1: every verb is the library Button,"<button                         type=""button""                         className=""desk-chip quiet""                         aria-label={`Inspect ${project.name} Project`}                         onClick={() => useDesk.getState().openToolInspector(""project"", String(project.id))}                       >",
face violation,<button>,154,web/src/desk/components/DeskMenu.tsx,UX-CANON A.1/U1: every verb is the library Button,"<button       type=""button""       role={role}       aria-label={ariaLabel}       aria-disabled={disabled || undefined}       aria-checked={ariaChecked}       className={disabled ? ""is-ghost"" : undefined}       onClick={() => {         if (!disabled) onSelect();       }}     >",
face violation,<button>,322,web/src/desk/components/DeskMenu.tsx,UX-CANON A.1/U1: every verb is the library Button,"<button               key={entry.id}               type=""button""               role=""menuitem""               aria-haspopup=""menu""               aria-expanded={openSub === entry.id}               className={openSub === entry.id ? ""is-subopen"" : undefined}               onPointerEnter={(e) => {                 const el = e.currentTarget;                 if (in",
face violation,<button>,402,web/src/desk/components/DeskMenu.tsx,UX-CANON A.1/U1: every verb is the library Button,"<button             key={entry.id}             type=""button""             role={role}             aria-disabled={ghost ? true : undefined}             aria-checked={ariaChecked}             className={ghost ? ""is-ghost"" : undefined}             onPointerEnter={() => {               if (intent.current) clearTimeout(intent.current);               // Sliding ont",
face violation,<button>,567,web/src/desk/components/DeskMenu.tsx,UX-CANON A.1/U1: every verb is the library Button,"<button             type=""button""             role=""menuitem""             className=""desk-menu-back""             onClick={() => setOpenSub(null)}           >",
face violation,<button>,89,web/src/desk/components/DeskMenuBar.tsx,UX-CANON A.1/U1: every verb is the library Button,"<button             type=""button""             className={`desk-verbbar-title${open === m.id ? "" on"" : """"}`}             aria-haspopup=""menu""             aria-expanded={open === m.id}             // Pointer-down (not click): the WorkMenu's own outside-press             // close runs first on the document capture phase; the             // render-time `open` he",
face violation,<button>,96,web/src/desk/components/DeskSortableTable.tsx,UX-CANON A.1/U1: every verb is the library Button,"<button                       type=""button""                       className={`desk-sortable-table-sort${isCurrent ? "" is-current"" : """"}`}                       onClick={() =>                         onSort(                           column.key,                           isCurrent && sort.dir === ""asc"" ? ""desc"" : ""asc"",                         )              ",
face violation,<button>,16,web/src/desk/components/DeskStartActions.tsx,UX-CANON A.1/U1: every verb is the library Button,"<button         type=""button""         className=""desk-chip desk-start-action""         onClick={() => openSurfaceOr(""dictate"", ""/dictation"")}       >",
face violation,<button>,23,web/src/desk/components/DeskStartActions.tsx,UX-CANON A.1/U1: every verb is the library Button,"<button         type=""button""         className={           ""desk-chip desk-start-action"" +           (recording === ""recording"" ? "" is-recording"" : """")         }         disabled={recording === ""busy""}         aria-pressed={recording === ""recording""}         onClick={() => {           if (recording === ""recording"") {             void useDesk.getState().stop",
face violation,<button>,274,web/src/desk/components/DeskToolInspector.tsx,UX-CANON A.1/U1: every verb is the library Button,"<button                       type=""button""                       className=""desk-chip quiet""                       onClick={() => openPullout(resource.resource_ref)}                     >",
face violation,<button>,293,web/src/desk/components/DeskToolInspector.tsx,UX-CANON A.1/U1: every verb is the library Button,"<button             type=""button""             className=""desk-chip""             onClick={() =>               openSurfaceOr(""dictate"", ""/dictation"", `project:${project.id}`)             }           >",
face violation,<button>,329,web/src/desk/components/DeskToolInspector.tsx,UX-CANON A.1/U1: every verb is the library Button,"<button                 type=""button""                 className=""desk-chip""                 disabled={!target.readiness.available}                 onClick={() => void createThread({ title: target.model, profile_override: target.model }).then((t) => { openPullout(`thread:${t.id}`); void refresh(); })}               >",
face violation,<button>,338,web/src/desk/components/DeskToolInspector.tsx,UX-CANON A.1/U1: every verb is the library Button,"<button               type=""button""               className=""desk-chip quiet""               onClick={() => openSurfaceOr(""configure-runs-on"", ""/profiles"")}             >",
face violation,<button>,387,web/src/desk/components/DeskToolInspector.tsx,UX-CANON A.1/U1: every verb is the library Button,"<button                   type=""button""                   className=""desk-chip""                   disabled={busy}                   onClick={() => void propose()}                 >",
face violation,<button>,459,web/src/desk/components/DeskToolInspector.tsx,UX-CANON A.1/U1: every verb is the library Button,"<button                     type=""button""                     className=""desk-chip""                     disabled={busy}                     onClick={() => void decide(""approved"")}                   >",
face violation,<button>,468,web/src/desk/components/DeskToolInspector.tsx,UX-CANON A.1/U1: every verb is the library Button,"<button                     type=""button""                     className=""desk-chip quiet""                     disabled={busy}                     onClick={() => void decide(""rejected"")}                   >",
face violation,<button>,479,web/src/desk/components/DeskToolInspector.tsx,UX-CANON A.1/U1: every verb is the library Button,"<button                   type=""button""                   className=""desk-chip""                   disabled={busy}                   onClick={() => void decide(""approved"")}                 >",
face violation,<button>,503,web/src/desk/components/DeskToolInspector.tsx,UX-CANON A.1/U1: every verb is the library Button,"<button                       type=""button""                       className=""desk-chip quiet""                       onClick={() => openPullout(boundSource.ref)}                     >",
face violation,<button>,515,web/src/desk/components/DeskToolInspector.tsx,UX-CANON A.1/U1: every verb is the library Button,"<button             type=""button""             className=""desk-chip quiet""             onClick={() =>               openSurfaceOr(                 ""configure-integration"",                 ""/settings"",                 `integration:${integration.id}`,               )             }           >",
face violation,<button>,501,web/src/desk/components/DeskToolShelf.tsx,UX-CANON A.1/U1: every verb is the library Button,"<button         ref={launchRef}         type=""button""         className=""desk-chip desk-tools-launch""         aria-expanded={open}         aria-controls=""desk-tool-shelf""         aria-keyshortcuts=""Control+K Meta+K""         onClick={() => usePalette.getState().toggle()}       >",
face violation,<button>,566,web/src/desk/components/DeskToolShelf.tsx,UX-CANON A.1/U1: every verb is the library Button,"<button                           id={`desk-palette-option-${row.id}`}                           type=""button""                           role=""option""                           aria-selected={isSel}                           className={                             ""desk-deck-row"" +                             (isSel ? "" is-selected"" : """") +                  ",
face violation,<button>,838,web/src/desk/components/DeskWindow.tsx,UX-CANON A.1/U1: every verb is the library Button,"<button             type=""button""             className=""desk-light desk-light-close""             aria-label={`Close ${name}`}             onClick={requestClose}           >",
face violation,<button>,846,web/src/desk/components/DeskWindow.tsx,UX-CANON A.1/U1: every verb is the library Button,"<button             type=""button""             className=""desk-light desk-light-min""             aria-label={`Minimize ${name}`}             onClick={requestMinimize}           >",
face violation,<button>,855,web/src/desk/components/DeskWindow.tsx,UX-CANON A.1/U1: every verb is the library Button,"<button               type=""button""               className=""desk-light desk-light-max""               aria-label={maximized ? `Restore ${name}` : `Maximize ${name}`}               onClick={() => useDesk.getState().toggleMaximizePanel(id)}             >",
face violation,<button>,38,web/src/desk/components/EmptyDesk.tsx,UX-CANON A.1/U1: every verb is the library Button,"<button         type=""button""         className=""desk-chip desk-start-action is-primary""         onClick={() => void useDesk.getState().createPrimitive(""note"")}       >",
face violation,<button>,48,web/src/desk/components/EmptyDesk.tsx,UX-CANON A.1/U1: every verb is the library Button,"<button         type=""button""         className=""desk-chip desk-start-action""         disabled={seeding}         onClick={() => {           setSeeding(true);           void useDesk             .getState()             .seedDesk()             .finally(() => setSeeding(false));         }}       >",
face violation,<button>,360,web/src/desk/components/FirstWords.tsx,UX-CANON A.1/U1: every verb is the library Button,"<button         type=""button""         className={`desk-first-talk is-${state}`}         disabled={           (!supported && !canRetryRetainedAudio) ||           state === ""transcribing"" ||           handoffRunning ||           saving ||           handoffPending ||           retentionPending ||           Boolean(failureContract && !failureContract.retry)     ",
face violation,<button>,458,web/src/desk/components/FirstWords.tsx,UX-CANON A.1/U1: every verb is the library Button,"<button             type=""button""             className=""btn btn--secondary""             onClick={() => {               void tracker.current?.event(""setup_selected"");               // HS-169-03 N-1: open the one-screen Door, not the old setup wizard.               openSurfaceOr(""project-setup"", ""/"");             }}           >",
face violation,<button>,142,web/src/desk/components/GlassDropLayer.tsx,UX-CANON A.1/U1: every verb is the library Button,"<button                 type=""button""                 onClick={() => {                   setState({ phase: ""idle"" });                   openSurfaceOr(""review-meetings"", ""/history"");                 }}               >",
face violation,<button>,151,web/src/desk/components/GlassDropLayer.tsx,UX-CANON A.1/U1: every verb is the library Button,"<button                 type=""button""                 className=""is-quiet""                 onClick={() => setState({ phase: ""idle"" })}               >",
face violation,<button>,165,web/src/desk/components/GlassDropLayer.tsx,UX-CANON A.1/U1: every verb is the library Button,"<button                 type=""button""                 className=""is-quiet""                 onClick={() => setState({ phase: ""idle"" })}               >",
face violation,<button>,205,web/src/desk/components/GroundingSection.tsx,UX-CANON A.1/U1: every verb is the library Button,"<button                     type=""button""                     className=""desk-ground-line is-press""                     onClick={bandPress(() => void toggleMeeting(row))}                   >",
face violation,<button>,225,web/src/desk/components/GroundingSection.tsx,UX-CANON A.1/U1: every verb is the library Button,"<button                         type=""button""                         className={                           ""desk-ground-line is-sub"" +                           (sel.hasIntel ? "" is-press"" : "" is-off"")                         }                         data-on={sel.includeIntel || undefined}                         onClick={bandPress(                        ",
face violation,<button>,259,web/src/desk/components/GroundingSection.tsx,UX-CANON A.1/U1: every verb is the library Button,"<button                         type=""button""                         className={                           ""desk-ground-line is-sub"" +                           (sel.transcriptLines === 0 ? "" is-off"" : "" is-press"")                         }                         data-on={sel.includeTranscript || undefined}                         onClick={bandPress(      ",
face violation,<button>,296,web/src/desk/components/GroundingSection.tsx,UX-CANON A.1/U1: every verb is the library Button,"<button                           key={a.id}                           type=""button""                           className=""desk-ground-line is-sub is-press""                           data-on={a.on || undefined}                           onClick={bandPress(() =>                             mutate(row.id, (m) => ({                               ...m,           ",
face violation,<button>,350,web/src/desk/components/GroundingSection.tsx,UX-CANON A.1/U1: every verb is the library Button,"<button                         type=""button""                         className=""desk-ground-line is-press""                         onClick={bandPress(() => void toggleResource(row))}                       >",
face violation,<button>,45,web/src/desk/components/InfoWindow.tsx,UX-CANON A.1/U1: every verb is the library Button,"<button         type=""button""         className=""info-name""         title=""Rename""         onClick={() => {           setDraft(o.title);           setEditing(true);         }}       >",
face violation,<button>,178,web/src/desk/components/InfoWindow.tsx,UX-CANON A.1/U1: every verb is the library Button,"<button                   key={String(z.id)}                   type=""button""                   className=""desk-chip quiet""                   onClick={() => openZoneWindow(String(z.id))}                 >",
face violation,<button>,198,web/src/desk/components/InfoWindow.tsx,UX-CANON A.1/U1: every verb is the library Button,"<button                   key={f.ref}                   type=""button""                   className=""desk-chip quiet""                   onClick={() => f.resolved && openPullout(f.ref)}                 >",
face violation,<button>,239,web/src/desk/components/InfoWindow.tsx,UX-CANON A.1/U1: every verb is the library Button,"<button                         type=""button""                         className=""desk-chip quiet""                         onClick={() => {                           s.handoff!.action(o);                           closeInfoWindow(refId);                         }}                       >",
library implementation,<button>,164,web/src/desk/components/MicButton.tsx,surface library implementation,"<button         type=""button""         className={           transport             ? ""desk-mic gadget-transport-key is-unsupported""             : ""desk-mic is-unsupported""         }         disabled         title={reason}         aria-label={`${label} (unavailable: ${reason})`}         onClick={(e) => e.stopPropagation()}       >",
library implementation,<button>,376,web/src/desk/components/MicButton.tsx,surface library implementation,"<button         type=""button""         className={           transport             ? `desk-mic gadget-transport-key is-${state}`             : `desk-mic is-${state}`         }         title={           failure             ? failureCode               ? `${failureCode} · ${DICTATION_FAILURES[failure].message}`               : DICTATION_FAILURES[failure].message",
face violation,<button>,80,web/src/desk/components/MissionControlConveyor.tsx,UX-CANON A.1/U1: every verb is the library Button,"<button       type=""button""       className={         ""desk-mc-pin"" +         (session.awaitingResponse ? "" awaiting"" : """") +         (session.stale ? "" stale"" : """") +         (armed ? "" armed"" : """") +         (manual ? "" manual"" : """")       }       title={         `${session.key}: watch live` +         (manual ? ""; manually pinned (not the correlator's verd",
face violation,<button>,158,web/src/desk/components/MissionControlConveyor.tsx,UX-CANON A.1/U1: every verb is the library Button,"<button               type=""button""               className=""desk-mc-story-pick""               title={                 `${s.title} [${s.status}]` +                 (s.evidenceExists ? "" ·evidence"" : """")               }               onClick={() =>                 onPick(                   picked && picked.story === s.storyId                     ? null       ",
face violation,<button>,180,web/src/desk/components/MissionControlConveyor.tsx,UX-CANON A.1/U1: every verb is the library Button,"<button                 type=""button""                 className=""desk-mc-evidence-open""                 title=""open the evidence in place""                 onClick={(ev) => {                   ev.stopPropagation();                   void useMissionControl                     .getState()                     .openEvidence(repoName, project.slug, s.storyId);    ",
face violation,<button>,470,web/src/desk/components/MissionControlConveyor.tsx,UX-CANON A.1/U1: every verb is the library Button,"<button           key={s.key}           type=""button""           className=""desk-mc-needs""           title={`${s.key}: ${s.lastAssistantText.slice(0, 200)}`}           onClick={() => useSteering.getState().openSession(s.key)}         >",
face violation,<button>,121,web/src/desk/components/ModeTabs.tsx,UX-CANON A.1/U1: every verb is the library Button,"<button             key={m.id}             type=""button""             role=""tab""             data-mode-tab             data-mode-id={m.id}             aria-selected={isActive}             aria-pressed={isActive}             className={`thread-mode-tab${isActive ? "" thread-mode-tab--active"" : """"}`}             tabIndex={isActive ? 0 : -1}             disabled=",
face violation,<button>,125,web/src/desk/components/Pullout.tsx,UX-CANON A.1/U1: every verb is the library Button,"<button type=""button"" className=""btn btn--primary"" onClick={load}>",
face violation,<button>,146,web/src/desk/components/RailsPicker.tsx,UX-CANON A.1/U1: every verb is the library Button,"<button                     type=""button""                     className=""desk-ground-line is-press""                     onClick={(event) => {                       if (                         (event.target as HTMLElement).closest("".gadget-check"")                       )                         return;                       void toggle(r);                   ",
face violation,<button>,58,web/src/desk/components/RecordOrb.tsx,UX-CANON A.1/U1: every verb is the library Button,"<button         type=""button""         className={`desk-orb is-${state}`}         onClick={() => {           if (recording) {             void useDesk.getState().stopRecording();             return;           }           if (state !== ""idle"") return;           void useDesk.getState().startRecording();           // Recording never leaves the desk: the live win",
needs reading,<input>,160,web/src/desk/components/ScheduleCreateWindow.tsx,native datetime-local bypasses a named surface species; verify the bounded-value exception,"<input                   type=""datetime-local""                   aria-label=""When""                   value={dateTime}                   onChange={(e) => setDateTime(e.target.value)}                   style={{ width: ""100%"" }}                 />",datetime-local
face violation,<button>,308,web/src/desk/components/SessionPullout.tsx,UX-CANON A.1/U1: every verb is the library Button,"<button               key={p.paneId}               type=""button""               className={                 ""desk-panepicker-item"" + (p.active ? "" is-active"" : """")               }               onClick={() => {                 useSteering.setState({ attachedSession: p.session });                 useSteering.getState().openSession(`pane:${p.paneId}`);         ",
face violation,<button>,581,web/src/desk/components/SessionPullout.tsx,UX-CANON A.1/U1: every verb is the library Button,"<button           type=""button""           className=""desk-chip""           onClick={() => void useSteering.getState().keepAsNote()}         >",
face violation,<button>,593,web/src/desk/components/SessionPullout.tsx,UX-CANON A.1/U1: every verb is the library Button,"<button             type=""button""             className=""desk-chip""             title={`propose a status flip for ${flipTarget.story}`}             onClick={() =>               useMissionControl                 .getState()                 .proposeFlip(                   flipTarget.repo,                   flipTarget.project,                   flipTarget.story",
face violation,<button>,614,web/src/desk/components/SessionPullout.tsx,UX-CANON A.1/U1: every verb is the library Button,"<button             type=""button""             className=""desk-chip quiet""             title=""clear the manual pin""             onClick={() => useSteering.getState().clearPin(sessionKey)}           >",
face violation,<button>,635,web/src/desk/components/SessionPullout.tsx,UX-CANON A.1/U1: every verb is the library Button,"<button               type=""button""               className=""desk-chip quiet""               disabled={!pinInput.trim()}               onClick={() => {                 useSteering.getState().pinToStory(sessionKey, pinInput.trim());                 setPinInput("""");               }}             >",
face violation,<button>,768,web/src/desk/components/SessionPullout.tsx,UX-CANON A.1/U1: every verb is the library Button,"<button                   type=""button""                   className=""desk-chip quiet""                   onClick={() => void useSteering.getState().arm()}                 >",
face violation,<textarea>,470,web/src/desk/components/SessionPullout.tsx,UX-CANON B/T5: raw consumer control bypasses a surface species,"<textarea           className=""desk-steer-input""           value={text}           rows={2}           placeholder=""Steer""           onChange={(e) => setText(e.target.value)}           onKeyDown={(event) => {             if (event.key !== ""Escape"") return;             event.preventDefault();             event.stopPropagation();             setText("""");        ",
face violation,<button>,57,web/src/desk/components/SpeakerGlyph.tsx,UX-CANON A.1/U1: every verb is the library Button,"<button       type=""button""       className={`thread-speaker-glyph${isSpeaking ? "" thread-speaker-glyph--active"" : """"}`}       data-testid=""speaker-glyph""       data-speaking={isSpeaking ? ""true"" : ""false""}       data-message-id={messageId}       onClick={handleClick}       onKeyDown={handleKeyDown}       aria-label={isSpeaking ? ""Stop speaking"" : ""Speak mes",
face violation,<textarea>,974,web/src/desk/components/ThreadComposer.tsx,UX-CANON B/T5: raw consumer control bypasses a surface species,"<textarea           ref={textareaRef}           className=""thread-composer-input""           placeholder=""Type a message...""           value={draft}           onChange={handleChange}           onSelect={handleSelect}           onKeyDown={handleKeyDown}           rows={1}           disabled={disabled || sending}           data-testid=""composer-input""          ",
face violation,<textarea>,1068,web/src/desk/components/ThreadComposer.tsx,UX-CANON B/T5: raw consumer control bypasses a surface species,"<textarea         ref={inputRef}         className=""thread-inline-editor-input""         value={text}         onChange={(e) => setText(e.target.value)}         onKeyDown={handleKeyDown}         onBlur={onCancel}         placeholder={placeholder}         rows={1}         data-testid=""inline-editor-input""       />",
face violation,<button>,158,web/src/desk/components/TrustWindow.tsx,UX-CANON A.1/U1: every verb is the library Button,"<button             type=""button""             className=""desk-chip quiet""             onClick={() => {               useTrustWindow.getState().setOpen(false);               openSurfaceOr(""configure-settings"", ""/settings"");             }}           >",
face violation,<button>,191,web/src/desk/components/WorkbenchResourceful.tsx,UX-CANON A.1/U1: every verb is the library Button,"<button               type=""button""               className=""desk-chip""               onClick={() => void commit(true)}               disabled={!routines.length}             >",
face violation,<button>,199,web/src/desk/components/WorkbenchResourceful.tsx,UX-CANON A.1/U1: every verb is the library Button,"<button               type=""button""               className=""desk-chip""               data-tone=""warn""               onClick={() => void commit(false)}             >",
face violation,<button>,94,web/src/desk/components/WorkbenchTemplatePicker.tsx,UX-CANON A.1/U1: every verb is the library Button,"<button                 key={t.id}                 type=""button""                 className=""wb-picker-card""                 disabled={busy}                 onClick={() => void instantiate(t.id)}               >",
face violation,<button>,111,web/src/desk/components/WorkbenchTemplatePicker.tsx,UX-CANON A.1/U1: every verb is the library Button,"<button               type=""button""               className=""wb-picker-card wb-picker-card-blank""               disabled={busy}               onClick={() => void createBlank()}             >",
face violation,<button>,178,web/src/desk/components/WorkbenchWindow.tsx,UX-CANON A.1/U1: every verb is the library Button,"<button       type=""button""       className=""wb-config-strip""       onClick={onClick}       aria-label=""Expand configuration""     >",
face violation,<button>,319,web/src/desk/components/WorkbenchWindow.tsx,UX-CANON A.1/U1: every verb is the library Button,"<button         type=""button""         className=""wb-config-collapse desk-chip quiet""         onClick={onCollapse}         aria-label=""Collapse configuration""       >",
face violation,<button>,422,web/src/desk/components/WorkbenchWindow.tsx,UX-CANON A.1/U1: every verb is the library Button,"<button             type=""button""             role=""radio""             aria-checked={startMode === ""manual""}             className=""desk-chip""             onClick={() => selectStartMode(""manual"")}           >",
face violation,<button>,431,web/src/desk/components/WorkbenchWindow.tsx,UX-CANON A.1/U1: every verb is the library Button,"<button             type=""button""             role=""radio""             aria-checked={startMode === ""schedule""}             className=""desk-chip""             onClick={() => selectStartMode(""schedule"")}           >",
face violation,<button>,440,web/src/desk/components/WorkbenchWindow.tsx,UX-CANON A.1/U1: every verb is the library Button,"<button             type=""button""             role=""radio""             aria-checked={startMode === ""event""}             className=""desk-chip""             onClick={() => selectStartMode(""event"")}           >",
face violation,<button>,449,web/src/desk/components/WorkbenchWindow.tsx,UX-CANON A.1/U1: every verb is the library Button,"<button             type=""button""             role=""radio""             aria-checked={startMode === ""idle""}             className=""desk-chip""             onClick={() => selectStartMode(""idle"")}           >",
face violation,<button>,465,web/src/desk/components/WorkbenchWindow.tsx,UX-CANON A.1/U1: every verb is the library Button,"<button                 key={preset.label}                 type=""button""                 className=""desk-chip""                 aria-pressed={preset.cron === detail.schedule}                 onClick={() => onUpdateSchedule(preset.cron)}               >",
face violation,<button>,539,web/src/desk/components/WorkbenchWindow.tsx,UX-CANON A.1/U1: every verb is the library Button,"<button             type=""button""             className=""desk-chip quiet""             onClick={() =>               useDesk.getState().openPullout(""recipe:"" + detail.recipe_id)             }           >",
face violation,<button>,717,web/src/desk/components/WorkbenchWindow.tsx,UX-CANON A.1/U1: every verb is the library Button,"<button         type=""button""         className=""wb-card-head""         onClick={onToggle}         aria-expanded={expanded}       >",
face violation,<button>,782,web/src/desk/components/WorkbenchWindow.tsx,UX-CANON A.1/U1: every verb is the library Button,"<button                   type=""button""                   className=""desk-chip quiet""                   onClick={() => onCopy(item.result!)}                 >",
face violation,<button>,865,web/src/desk/components/WorkbenchWindow.tsx,UX-CANON A.1/U1: every verb is the library Button,"<button                 type=""button""                 className=""desk-chip""                 onClick={() => setArtifactExpanded(!artifactExpanded)}                 aria-expanded={artifactExpanded}               >",
face violation,<button>,876,web/src/desk/components/WorkbenchWindow.tsx,UX-CANON A.1/U1: every verb is the library Button,"<button                 type=""button""                 className=""desk-chip""                 disabled={minting}                 onClick={() => void handleRetryMint()}               >",
face violation,<button>,887,web/src/desk/components/WorkbenchWindow.tsx,UX-CANON A.1/U1: every verb is the library Button,"<button                 type=""button""                 className=""desk-chip quiet""                 disabled={keeping}                 onClick={() => void handleKeep()}               >",
face violation,<button>,897,web/src/desk/components/WorkbenchWindow.tsx,UX-CANON A.1/U1: every verb is the library Button,"<button                 type=""button""                 className=""desk-chip""                 onClick={rerunItem}               >",
face violation,<button>,906,web/src/desk/components/WorkbenchWindow.tsx,UX-CANON A.1/U1: every verb is the library Button,"<button                 type=""button""                 className=""desk-chip quiet""                 onClick={dismissItem}               >",
face violation,<button>,915,web/src/desk/components/WorkbenchWindow.tsx,UX-CANON A.1/U1: every verb is the library Button,"<button                 type=""button""                 className=""desk-chip quiet""                 onClick={() => onRemove(item)}               >",
face violation,<button>,1490,web/src/desk/components/WorkbenchWindow.tsx,UX-CANON A.1/U1: every verb is the library Button,"<button           type=""button""           className=""desk-chip""           data-tone={running ? ""warn"" : undefined}           disabled={!!runDisabledReason}           onClick={() => void triggerRun()}           title={runDisabledReason ?? ""Run this workbench now""}           aria-label={             runDisabledReason               ? `Run: ${runDisabledReason}`",
face violation,<button>,1621,web/src/desk/components/WorkbenchWindow.tsx,UX-CANON A.1/U1: every verb is the library Button,"<button                   type=""button""                   className=""desk-chip""                   onClick={() => void handleVoiceProposal(voiceProposal)}                 >",
face violation,<button>,1628,web/src/desk/components/WorkbenchWindow.tsx,UX-CANON A.1/U1: every verb is the library Button,"<button                   type=""button""                   className=""desk-chip quiet""                   onClick={() => setVoiceProposal(null)}                 >",
face violation,<button>,1646,web/src/desk/components/WorkbenchWindow.tsx,UX-CANON A.1/U1: every verb is the library Button,"<button                         type=""button""                         className=""wb-inlet-chip-remove""                         onClick={() => removeGroundingRef(r.ref)}                         aria-label={`Remove ${r.name}`}                       >",
face violation,<button>,1781,web/src/desk/components/WorkbenchWindow.tsx,UX-CANON A.1/U1: every verb is the library Button,"<button                   type=""button""                   className=""desk-chip wb-priority-cycle""                   data-priority={newPriority}                   onClick={() => setNewPriority((p) => (p >= 3 ? 1 : p + 1))}                   title={`Priority ${newPriority}. Click to cycle`}                 >",
face violation,<button>,1790,web/src/desk/components/WorkbenchWindow.tsx,UX-CANON A.1/U1: every verb is the library Button,"<button                   type=""button""                   className=""desk-chip is-primary""                   disabled={!newTitle.trim()}                   title={                     newTitle.trim() ? ""Add this item"" : ""No instruction typed""                   }                   onClick={() => void addItem()}                 >",
face violation,<button>,1870,web/src/desk/components/WorkbenchWindow.tsx,UX-CANON A.1/U1: every verb is the library Button,"<button                           type=""button""                           className=""desk-chip""                           onClick={async () => {                             await write(""PROMOTE TO SKILL"", async () => {                               await promoteMemoryToSkill(workbenchId, i);                               loadSkills();                        ",
face violation,<input>,1704,web/src/desk/components/WorkbenchWindow.tsx,UX-CANON B/T5: raw consumer control bypasses a surface species,"<input                   ref={inletInputRef}                   type=""text""                   className=""wb-inlet-input""                   placeholder=""What needs doing?""                   role=""combobox""                   aria-expanded={acOpen}                   aria-controls=""wb-inlet-listbox""                   aria-activedescendant={acActiveId}            ",text
face violation,<button>,139,web/src/desk/components/ZoneWindow.tsx,UX-CANON A.1/U1: every verb is the library Button,"<button                 key={`${member.kind}:${member.id}`}                 type=""button""                 role=""listitem""                 className={`zone-cell${selectedMemberKey === `${member.kind}:${member.id}` ? "" is-selected"" : """"}`}                 aria-selected={selectedMemberKey === `${member.kind}:${member.id}`}                 onClick={() => setSele",
face violation,<button>,175,web/src/desk/components/ZoneWindow.tsx,UX-CANON A.1/U1: every verb is the library Button,"<button                 type=""button""                 className=""desk-chip quiet zone-unfile""                 aria-label={`Take ${member.title} out of ${title}`}                 onClick={(event) => {                   event.stopPropagation();                   void removeFromDir(member.id, zoneId, member.kind);                 }}               >",
face violation,<button>,124,web/src/desk/components/window/Dock.tsx,UX-CANON A.1/U1: every verb is the library Button,"<button             key={application.windowId}             type=""button""             className={               ""desk-dock-launch desk-dock-app"" +               (running ? "" is-run"" : """") +               (running && application.windowId === front && !minimized ? "" is-front"" : """") +               (overdue ? "" is-attention"" : """")             }             aria-",
face violation,<button>,177,web/src/desk/components/window/Dock.tsx,UX-CANON A.1/U1: every verb is the library Button,"<button         key=""chair-floor-toggle""         type=""button""         className={           ""desk-dock-launch"" +           (chairSurface === ""floor"" ? "" is-run"" : """")         }         aria-label={chairSurface === ""chair"" ? ""Floor"" : ""Chair""}         aria-pressed={chairSurface === ""floor""}         onClick={toggleSurface}         data-testid=""chair-floor-tog",
face violation,<button>,197,web/src/desk/components/window/Dock.tsx,UX-CANON A.1/U1: every verb is the library Button,"<button             key={launcher.id}             type=""button""             className={               ""desk-dock-launch"" +               (launcher.open ? "" is-run"" : """") +               (launcher.badge && actionable ? "" is-attention"" : """")             }             aria-label={               launcher.badge                 ? `${launcher.label}, ${launcher.bad",
face violation,<button>,241,web/src/desk/components/window/Dock.tsx,UX-CANON A.1/U1: every verb is the library Button,"<button               type=""button""               className=""desk-dock-main""               ref={(el) => {                 if (el) chipEls.set(c.id, el);                 else chipEls.delete(c.id);               }}               aria-label={minimized ? `Restore ${c.label}` : `Focus ${c.label}`}               onClick={() => {                 const s = useDesk.g",
face violation,<button>,269,web/src/desk/components/window/Dock.tsx,UX-CANON A.1/U1: every verb is the library Button,"<button               type=""button""               className=""desk-dock-x""               aria-label={`Close ${c.label}`}               onClick={c.close}             >",
face violation,<button>,282,web/src/desk/components/window/Dock.tsx,UX-CANON A.1/U1: every verb is the library Button,"<button             type=""button""             className=""desk-dock-reset""             aria-label=""Overview""             title=""Overview""             onClick={() => toggleExpose(true)}           >",
face violation,<button>,291,web/src/desk/components/window/Dock.tsx,UX-CANON A.1/U1: every verb is the library Button,"<button             type=""button""             className=""desk-dock-reset""             aria-label=""Reset layout""             title=""Reset layout""             onClick={() => useDesk.getState().resetLayout()}           >",
face violation,<button>,124,web/src/desk/components/window/Expose.tsx,UX-CANON A.1/U1: every verb is the library Button,"<button             key={en.id}             type=""button""             ref={i === 0 ? firstBtnRef : undefined}             className={""desk-expose-cell"" + (en.minimized ? "" is-min"" : """")}             style={{               top: cells[i].y,               left: cells[i].x,               width: cells[i].w,               height: cells[i].h,             }}        ",
face violation,<button>,264,web/src/desk/gl/WorldStage.tsx,UX-CANON A.1/U1: every verb is the library Button,"<button           type=""button""           className=""desk-chip desk-surface""           onClick={surface}         >",
face violation,<button>,354,web/src/desk/gl/WorldStage.tsx,UX-CANON A.1/U1: every verb is the library Button,"<button             key={`zone:${z.id}`}             type=""button""             data-zone-id={z.id}             aria-label={`${z.title} zone, ${z.count} ${z.count === 1 ? ""item"" : ""items""}`}             onClick={() => useDesk.getState().openZoneWindow(z.id)}           >",
face violation,<button>,365,web/src/desk/gl/WorldStage.tsx,UX-CANON A.1/U1: every verb is the library Button,"<button             key={o.key}             type=""button""             data-obj-id={o.selectionRef}             data-kind={o.kind}             aria-label={               o.attention                 ? `${o.title}, ${o.attention} need attention`                 : o.title             }             onClick={(e) => {               if (e.shiftKey || e.metaKey || e.",
face violation,<input>,444,web/src/desk/gl/WorldStage.tsx,UX-CANON B/T5: raw consumer control bypasses a surface species,"<input         ref={inputRef}         className=""desk-zone-rename""         value={name}         autoFocus         onChange={(e) => {           setName(e.target.value);           if (zoneRenameError) clearZoneRenameError();         }}         onKeyDown={(e) => {           if (e.key === ""Enter"") void commit();           if (e.key === ""Escape"") cancel();       ",text/unspecified
face violation,<button>,38,web/src/desk/pullouts/ArtifactPullout.tsx,UX-CANON A.1/U1: every verb is the library Button,"<button                   key={f.ref}                   type=""button""                   className=""desk-chip quiet""                   onClick={() => f.resolved && openPullout(f.ref)}                 >",
face violation,<button>,57,web/src/desk/pullouts/ArtifactPullout.tsx,UX-CANON A.1/U1: every verb is the library Button,"<button           type=""button""           className=""desk-chip quiet""           onClick={() => void copy(body)}         >",
face violation,<button>,64,web/src/desk/pullouts/ArtifactPullout.tsx,UX-CANON A.1/U1: every verb is the library Button,"<button           type=""button""           className=""desk-chip quiet""           onClick={() =>             openSurfaceOr(""dictate"", ""/dictation"", resourceRef)           }         >",
face violation,<button>,58,web/src/desk/pullouts/ChainPullout.tsx,UX-CANON A.1/U1: every verb is the library Button,"<button           type=""button""           className=""desk-chip quiet""           onClick={() =>             openSurfaceOr(""dictate"", ""/dictation"", resourceRef)           }         >",
face violation,<button>,67,web/src/desk/pullouts/ChainPullout.tsx,UX-CANON A.1/U1: every verb is the library Button,"<button           type=""button""           className=""desk-chip is-primary""           onClick={() => openEditor(o.id)}         >",
face violation,<button>,78,web/src/desk/pullouts/CoderPullout.tsx,UX-CANON A.1/U1: every verb is the library Button,"<button                       type=""button""                       className=""desk-chip""                       onClick={() => {                         setAnswered(null);                         void speakToCoder(                           String(ir.agent || ""claude""),                           String(ir.sessionId || o.id),                           contextua",
face violation,<button>,117,web/src/desk/pullouts/CoderPullout.tsx,UX-CANON A.1/U1: every verb is the library Button,"<button                       type=""button""                       className=""desk-chip""                       disabled={!coderDraft.trim()}                       onClick={() => {                         setAnswered(null);                         const retained = coderDraft.trim();                         void speakToCoder(                           String(ir",
face violation,<button>,147,web/src/desk/pullouts/CoderPullout.tsx,UX-CANON A.1/U1: every verb is the library Button,"<button                   type=""button""                   className=""desk-chip quiet""                   onClick={() => {                     void answerCoder(                       String(ir.agent || ""claude""),                       String(ir.sessionId || o.id),                     ).then((ok) => setAnswered(ok ? ""selected"" : ""failed""));                   }}",
face violation,<button>,166,web/src/desk/pullouts/CoderPullout.tsx,UX-CANON A.1/U1: every verb is the library Button,"<button           type=""button""           className=""desk-chip quiet""           onClick={() => openSurfaceOr(""dictate"", ""/dictation"", resourceRef)}         >",
face violation,<button>,173,web/src/desk/pullouts/CoderPullout.tsx,UX-CANON A.1/U1: every verb is the library Button,"<button           type=""button""           className=""desk-chip quiet""           onClick={() => {             closePullout(o.id);             useSteering               .getState()               .openSession(                 `${String(ir.agent || ""claude"")}:${String(ir.sessionId || o.id)}`,               );           }}         >",
face violation,<textarea>,109,web/src/desk/pullouts/CoderPullout.tsx,UX-CANON B/T5: raw consumer control bypasses a surface species,"<textarea                       className=""desk-coder-draft-input""                       aria-label=""Coder reply draft""                       value={coderDraft}                       placeholder=""Reply""                       rows={2}                       onChange={(event) => setCoderDraft(event.target.value)}                     />",
face violation,<button>,76,web/src/desk/pullouts/DirectoryPullout.tsx,UX-CANON A.1/U1: every verb is the library Button,"<button           type=""button""           className=""desk-chip quiet""           onClick={() => openSurfaceOr(""dictate"", ""/dictation"", resourceRef)}         >",
face violation,<button>,37,web/src/desk/pullouts/IntelligencePullout.tsx,UX-CANON A.1/U1: every verb is the library Button,"<button           key={view.id}           type=""button""           className={`intelligence-segment${activeView === view.id ? "" is-active"" : """"}`}           aria-pressed={activeView === view.id}           onClick={() => selectView(view.id)}         >",
face violation,<button>,179,web/src/desk/pullouts/MeetingPullout.tsx,UX-CANON A.1/U1: every verb is the library Button,"<button           type=""button""           className=""desk-chip quiet""           onClick={() =>             openSurfaceOr(""dictate"", ""/dictation"", resourceRef)           }         >",
face violation,<button>,188,web/src/desk/pullouts/MeetingPullout.tsx,UX-CANON A.1/U1: every verb is the library Button,"<button           type=""button""           className=""desk-chip quiet""           onClick={() => openSurfaceOr(""record-live"", ""/live"", resourceRef)}         >",
face violation,<button>,163,web/src/desk/pullouts/ThoughtContextPicker.tsx,UX-CANON A.1/U1: every verb is the library Button,"<button type=""button""           ref={(node: HTMLButtonElement | null) => { if (node) rowRefs.current.set(row.ref, node); else rowRefs.current.delete(row.ref); }}           className=""btn btn--ghost btn--sm thought-context-choice"" disabled={disabled}           aria-label={`${row.title}, ${state}`} onClick={() => void attach(row)}         >",
face violation,<input>,192,web/src/desk/pullouts/ThoughtContextPicker.tsx,UX-CANON B/T5: raw consumer control bypasses a surface species,"<input type=""search"" value={query} placeholder=""Find a note…"" onChange={(event) => { setQuery(event.target.value); setView(""compact""); }} />",search
face violation,<button>,110,web/src/desk/pullouts/ThreadPullout.tsx,UX-CANON A.1/U1: every verb is the library Button,"<button         type=""button""         className=""thread-sibling-nav""         disabled={position <= 1}         onClick={onPrev}         aria-label=""Previous sibling""       >",
face violation,<button>,122,web/src/desk/pullouts/ThreadPullout.tsx,UX-CANON A.1/U1: every verb is the library Button,"<button         type=""button""         className=""thread-sibling-nav""         disabled={position >= total}         onClick={onNext}         aria-label=""Next sibling""       >",
face violation,<button>,1671,web/src/desk/pullouts/ThreadPullout.tsx,UX-CANON A.1/U1: every verb is the library Button,"<button               type=""button""               className=""thread-title""               onClick={() => {                 setEditingTitle(true);                 setTitleDraft(detail.thread?.title || initialTitle);               }}             >",
face violation,<select>,181,web/src/desk/pullouts/ThreadPullout.tsx,UX-CANON B/T5: raw consumer control bypasses a surface species,"<select                 className=""thread-elicitation-select""                 value={String(values[key] ?? """")}                 onChange={(e) => handleChange(key, e.target.value)}               >",
needs reading,<input>,194,web/src/desk/pullouts/ThreadPullout.tsx,native checkbox bypasses a named surface species; verify the bounded-value exception,"<input                   type=""checkbox""                   checked={Boolean(values[key])}                   onChange={(e) => handleChange(key, e.target.checked)}                 />",checkbox
needs reading,<input>,203,web/src/desk/pullouts/ThreadPullout.tsx,native number bypasses a named surface species; verify the bounded-value exception,"<input                 type=""number""                 className=""thread-elicitation-input""                 value={String(values[key] ?? """")}                 onChange={(e) => handleChange(key, Number(e.target.value))}               />",number
face violation,<input>,212,web/src/desk/pullouts/ThreadPullout.tsx,UX-CANON B/T5: raw consumer control bypasses a surface species,"<input                   type=""text""                   className=""thread-elicitation-input""                   aria-label={label}                   value={String(values[key] ?? """")}                   onChange={(e) => handleChange(key, e.target.value)}                 />",text
face violation,<input>,744,web/src/desk/pullouts/ThreadPullout.tsx,UX-CANON B/T5: raw consumer control bypasses a surface species,"<input           ref={inputRef}           type=""text""           className=""thread-annotation-comment-input""           data-testid=""annotation-comment-input""           placeholder=""Comment""           value={comment}           onChange={(e) => setComment(e.target.value)}           onKeyDown={(e) => {             if (e.key === ""Enter"" && comment.trim()) {      ",text
face violation,<input>,1649,web/src/desk/pullouts/ThreadPullout.tsx,UX-CANON B/T5: raw consumer control bypasses a surface species,"<input                 ref={titleRef}                 className=""thread-title-input""                 aria-label=""Thread title""                 value={titleDraft}                 onChange={(e) => setTitleDraft(e.target.value)}                 onBlur={commitTitle}                 onKeyDown={(e) => {                   if (e.key === ""Enter"") void commitTitle(); ",text/unspecified
face violation,<button>,107,web/src/desk/pullouts/editors/KbEditor.tsx,UX-CANON A.1/U1: every verb is the library Button,"<button           type=""button""           className=""desk-chip editor-proposal-action is-accept""           onClick={acceptProposal}         >",
face violation,<button>,114,web/src/desk/pullouts/editors/KbEditor.tsx,UX-CANON A.1/U1: every verb is the library Button,"<button           type=""button""           className=""desk-chip editor-proposal-action is-reject""           onClick={() => setProposal(null)}         >",
face violation,<button>,112,web/src/desk/pullouts/editors/NoteEditor.tsx,UX-CANON A.1/U1: every verb is the library Button,"<button           type=""button""           className=""desk-chip editor-proposal-action is-accept""           onClick={acceptProposal}         >",
face violation,<button>,119,web/src/desk/pullouts/editors/NoteEditor.tsx,UX-CANON A.1/U1: every verb is the library Button,"<button           type=""button""           className=""desk-chip editor-proposal-action is-reject""           onClick={() => setProposal(null)}         >",
face violation,<button>,104,web/src/desk/pullouts/editors/RecipeEditor.tsx,UX-CANON A.1/U1: every verb is the library Button,"<button           type=""button""           className=""desk-chip quiet""           onClick={() => setMore(true)}         >",
face violation,<button>,94,web/src/desk/pullouts/editors/WorkflowEditor.tsx,UX-CANON A.1/U1: every verb is the library Button,"<button                 type=""button""                 className=""desk-chip quiet""                 aria-label=""Move step up""                 disabled={i === 0}                 onClick={() => {                   const next = [...steps];                   [next[i - 1], next[i]] = [next[i], next[i - 1]];                   commitGraph(next);                 }}   ",
face violation,<button>,107,web/src/desk/pullouts/editors/WorkflowEditor.tsx,UX-CANON A.1/U1: every verb is the library Button,"<button                 type=""button""                 className=""desk-chip quiet""                 aria-label=""Remove step""                 onClick={() =>                   commitGraph(steps.filter((_, j) => j !== i))                 }               >",
face violation,<button>,121,web/src/desk/pullouts/editors/WorkflowEditor.tsx,UX-CANON A.1/U1: every verb is the library Button,"<button                 key={p.label}                 type=""button""                 className=""desk-chip quiet""                 onClick={() => commitGraph([...steps, p.make()])}               >",
face violation,<button>,136,web/src/desk/pullouts/shared/CapabilitySection.tsx,UX-CANON A.1/U1: every verb is the library Button,"<button             type=""button""             className={               o.kind === ""recipe"" ? ""desk-chip"" : ""desk-chip is-primary""             }             onClick={() => void run()}             disabled={               runBusy ||               !capabilityCanRun ||               !runInput.trim()             }           >",
face violation,<button>,187,web/src/desk/pullouts/shared/CapabilitySection.tsx,UX-CANON A.1/U1: every verb is the library Button,"<button           type=""button""           className=""desk-chip quiet""           onClick={() =>             openSurfaceOr(""configure-runs-on"", ""/profiles"", resourceRef)           }         >",
face violation,<button>,204,web/src/desk/pullouts/shared/CapabilitySection.tsx,UX-CANON A.1/U1: every verb is the library Button,"<button           type=""button""           className=""desk-chip""           onClick={() => openPullout(runArtifactId)}         >",
face violation,<input>,129,web/src/desk/pullouts/shared/CapabilitySection.tsx,UX-CANON B/T5: raw consumer control bypasses a surface species,"<input             value={runInput}             placeholder=""Material""             aria-label={runLabel}             title={String(capability.input_help ?? """")}             onChange={(e) => setRunInput(e.target.value)}           />",text/unspecified
face violation,role=button,386,web/src/desk/pullouts/views/BriefView.tsx,UX-CANON A.1/U1: every verb is the library Button,"role=""button""",
face violation,<button>,250,web/src/desk/pullouts/views/FollowThroughView.tsx,UX-CANON A.1/U1: every verb is the library Button,"<button                             type=""button""                             className=""follow-through-source""                             title={peopleCommitment ? ""Open People"" : ""Open governing decision""}                             aria-label={`${peopleCommitment ? ""Open People"" : ""Open decision""} for ${card.text}`}                             onClick={",
library implementation,<button>,129,web/src/desk/surface/LedgerFilter.tsx,surface library implementation,"<button             type=""button""             className=""ledger-filter-clear""             onClick={onClear}             aria-label=""Clear filters""           >",
library implementation,<button>,152,web/src/desk/surface/LedgerFilter.tsx,surface library implementation,"<button                 type=""button""                 className=""ledger-filter-token-remove""                 onClick={() => onRemoveToken(token.field, token.value)}                 aria-label={`Remove ${token.field} filter: ${token.value}`}               >",
library implementation,<input>,113,web/src/desk/surface/LedgerFilter.tsx,surface library implementation,"<input             type=""text""             className=""ledger-filter-query""             aria-label=""Filter""             placeholder=""Filter...""             value={query}             onChange={(event) => onQueryChange(event.target.value)}           />",text
library implementation,<button>,188,web/src/desk/surface/Surface.tsx,surface library implementation,"<button type=""button"" className=""surface-row-open"" onClick={onOpen}>",
library implementation,<button>,273,web/src/desk/surface/Surface.tsx,surface library implementation,"<button               type=""button""               className=""desk-chip surface-state-action""               onClick={onAction}             >",
library implementation,<button>,987,web/src/desk/surface/Surface.tsx,surface library implementation,"<button type=""button"" className=""surface-tile-ghost-btn"" onClick={onCreate}>",
library implementation,<button>,1139,web/src/desk/surface/Surface.tsx,surface library implementation,"<button         type=""button""         className={cx}         aria-label={`Edit ${label}`}         onClick={() => {           setDraft(value);           setEditing(true);         }}       >",
library implementation,<textarea>,1180,web/src/desk/surface/Surface.tsx,surface library implementation,"<textarea       {...shared}       ref={(node) => {         editorRef.current = node;       }}       rows={Math.max(2, draft.split(""\n"").length)}       onChange={(event) => setDraft(event.target.value)}     />",
library implementation,<input>,1189,web/src/desk/surface/Surface.tsx,surface library implementation,<input       {...shared}       ref={(node) => {         editorRef.current = node;       }}       onChange={(event) => setDraft(event.target.value)}     />,text/unspecified
library implementation,role=button,853,web/src/desk/surface/Surface.tsx,surface library implementation,"role=""button""",
library implementation,<button>,59,web/src/desk/surface/citations.tsx,surface library implementation,"<button           key={ref}           type=""button""           className=""desk-chip quiet""           onClick={() => onOpen(ref)}         >",
library implementation,<button>,470,web/src/desk/surface/gadgets.tsx,surface library implementation,"<button           type=""button""           aria-label={`Increase ${label}`}           onClick={() => onChange(clamp((value || 0) + step))}         >",
library implementation,<button>,477,web/src/desk/surface/gadgets.tsx,surface library implementation,"<button           type=""button""           aria-label={`Decrease ${label}`}           onClick={() => onChange(clamp((value || 0) - step))}         >",
library implementation,<button>,601,web/src/desk/surface/gadgets.tsx,surface library implementation,"<button type=""button"" className=""gadget-table-add"" onClick={onAdd}>",
library implementation,<button>,719,web/src/desk/surface/gadgets.tsx,surface library implementation,"<button       type=""button""       className=""gadget-transport-key""       aria-label={label}       aria-pressed={active || undefined}       data-active={active || undefined}       data-tone={tone}       data-compact={compact || undefined}       disabled={disabled}       title={title}       onClick={onClick}     >",
library implementation,<button>,771,web/src/desk/surface/gadgets.tsx,surface library implementation,"<button         type=""button""         className={cls}         data-scope={scope}         title={title}         aria-label={ariaLabel}         onClick={onClick}       >",
library implementation,<input>,97,web/src/desk/surface/gadgets.tsx,surface library implementation,"<input           type=""checkbox""           aria-label={label}           checked={checked}           disabled={disabled}           onChange={(event) => onChange(event.target.checked)}         />",checkbox
library implementation,<input>,112,web/src/desk/surface/gadgets.tsx,surface library implementation,"<input         type=""checkbox""         aria-label={label}         checked={checked}         disabled={disabled}         onChange={(event) => onChange(event.target.checked)}       />",checkbox
library implementation,<select>,158,web/src/desk/surface/gadgets.tsx,surface library implementation,<select         aria-label={label}         value={value}         disabled={disabled}         onChange={(event) => onChange(event.target.value)}       >,
library implementation,<input>,211,web/src/desk/surface/gadgets.tsx,surface library implementation,"<input                 type=""radio""                 name={name}                 checked={selected}                 onChange={() => onChange(option.value)}               />",radio
library implementation,<input>,285,web/src/desk/surface/gadgets.tsx,surface library implementation,"<input         {...inputProps}         ref={(el) => {           autoFocusRef.current = el;           if (typeof inputRef === ""function"") inputRef(el);           else if (inputRef && typeof inputRef === ""object"")             (inputRef as React.MutableRefObject<HTMLInputElement | null>).current = el;         }}         aria-label={label}         type={type}   ",text/unspecified
library implementation,<textarea>,354,web/src/desk/surface/gadgets.tsx,surface library implementation,<textarea         ref={padRef}         aria-label={label}         value={value}         placeholder={placeholder}         rows={rows}         disabled={disabled}         autoFocus={autoFocus}         onChange={(event) => onChange(event.target.value)}         onKeyDown={onKeyDown}       />,
library implementation,<input>,459,web/src/desk/surface/gadgets.tsx,surface library implementation,"<input         aria-label={label}         type=""number""         value={Number.isFinite(value) ? value : 0}         min={min}         max={max}         step={step}         onChange={(event) => onChange(clamp(Number(event.target.value)))}       />",number
library implementation,<input>,509,web/src/desk/surface/gadgets.tsx,surface library implementation,"<input         type=""range""         aria-label={label}         min={min}         max={max}         step={step}         value={Number.isFinite(value) ? value : min}         onChange={(event) => onChange(Number(event.target.value))}       />",range
library implementation,<button>,454,web/src/desk/surface/graph/TopologySurface.tsx,surface library implementation,"<button               key={node.id}               ref={(el) => {                 nodeRefs.current[node.id] = el;               }}               type=""button""               className=""surface-topology-node""               data-topology-node=""""               data-home={node.home || undefined}               data-selected={isSelected || undefined}               d",
library implementation,<button>,33,web/src/desk/surface/patterns/ActionNotice.tsx,surface library implementation,"<button           type=""button""           className=""surface-action-notice-btn""           onClick={action.onClick}         >",
library implementation,<button>,63,web/src/desk/surface/patterns/ChoiceCardGroup.tsx,surface library implementation,"<button           type=""button""           className=""surface-choice-confirm-btn""           disabled={disabled || value == null}           onClick={onConfirm}         >",
library implementation,<input>,135,web/src/desk/surface/patterns/ChoiceCardGroup.tsx,surface library implementation,"<input           type=""radio""           className=""surface-choice-card-radio""           name={name}           value={value}           checked={isSelected}           disabled={disabled}           onChange={() => onChange?.(value)}         />",radio
library implementation,<button>,100,web/src/desk/surface/patterns/Disclosure.tsx,surface library implementation,"<button         ref={triggerRef}         type=""button""         className=""surface-disclosure-trigger""         aria-expanded={isOpen}         aria-controls={controlsId}         aria-label={ariaLabel}         onClick={() => setOpen(!isOpen)}       >",
library implementation,<button>,99,web/src/desk/surface/patterns/ProgressPlan.tsx,surface library implementation,"<button               type=""button""               className=""surface-plan-action-btn""               onClick={action.onClick}             >",
library implementation,<button>,22,web/src/desk/surface/patterns/ProvenanceChip.tsx,surface library implementation,"<button           type=""button""           className=""surface-provenance-inspect""           onClick={onInspect}           aria-label={`Inspect ${source}`}         >",
library implementation,<button>,55,web/src/desk/surface/patterns/ProvenanceChip.tsx,surface library implementation,"<button           type=""button""           className=""surface-receipt-inspect""           onClick={onInspect}           aria-label={`Inspect ${label}`}         >",
library implementation,<button>,94,web/src/desk/surface/wings.tsx,surface library implementation,"<button           key={w.id}           ref={(element) => {             refs.current[index] = element;           }}           type=""button""           role=""tab""           aria-selected={active === w.id}           tabIndex={active === w.id || (!hasActive && index === 0) ? 0 : -1}           className={`desk-wing${active === w.id ? "" is-on"" : """"}`}           onC",
library implementation,<button>,126,web/src/desk/surface/wings.tsx,surface library implementation,"<button           type=""button""           className={`desk-wing desk-wing-door${doorOpen ? "" is-on"" : """"}`}           aria-label={door}           title={door}           aria-pressed={doorOpen}           onClick={onDoor}         >",
face violation,<input>,1658,web/src/features/project-room/ProjectRoomCore.tsx,UX-CANON B/T5: raw consumer control bypasses a surface species,"<input // UX-CANON: needs redesign (HS-170-04)           ref={inputRef}           type=""text""           className=""room-ask-input""           aria-label=""Ask this project""           value={prompt}           placeholder=""Ask this project…""           onChange={(e) => setPrompt(e.target.value)}           onKeyDown={(e) => {             if (e.key === ""Enter"" && !",text
face violation,<input>,1821,web/src/features/project-room/ProjectRoomCore.tsx,UX-CANON B/T5: raw consumer control bypasses a surface species,"<input // UX-CANON: needs redesign (HS-170-04)                 type=""search""                 aria-label=""Search history""                 placeholder=""Search history…""                 value={searchQuery}                 onChange={(e) => setSearchQuery(e.target.value)}               />",search
face violation,<input>,408,web/src/features/project-room/door/DoorCore.tsx,UX-CANON B/T5: raw consumer control bypasses a surface species,"<input             type=""text""             className=""door-outcome-input""             placeholder=""What are you delivering?""             value={ctrl.outcome}             onChange={(e) => ctrl.setOutcome(e.target.value)}             maxLength={600}             data-testid=""door-outcome-input""           />",text
face violation,<input>,108,web/src/features/project-room/review/ReviewPosture.tsx,UX-CANON B/T5: raw consumer control bypasses a surface species,"<input // UX-CANON: needs redesign (HS-170-04)               className=""review-edit-input""               aria-label={`Edit ${label}`}               value={renderValue(value)}               onChange={(e) => onEditField(key, e.target.value)}             />",text/unspecified
needs reading,<input>,278,web/src/features/project-room/review/ReviewPosture.tsx,native date bypasses a named surface species; verify the bounded-value exception,"<input // UX-CANON: needs redesign (HS-170-04)                 type=""date""                 className=""review-defer-date""                 data-testid=""review-defer-date""                 aria-label=""Defer until date""                 value={ctrl.deferDate}                 onChange={(e) => ctrl.setDeferDate(e.target.value)}                 autoFocus             ",date
face violation,<button>,261,web/src/features/project-room/steward/StewardPosture.tsx,UX-CANON A.1/U1: every verb is the library Button,"<button               key={ref}               type=""button""               className=""desk-chip quiet steward-receipt-ref""               data-testid=""steward-receipt-ref""               data-ref={ref}               onClick={() => onOpenRef(ref)}             >",
face violation,<button>,106,web/src/features/project-room/update/UpdatePosture.tsx,UX-CANON A.1/U1: every verb is the library Button,"<button               type=""button""               className=""desk-chip quiet""               data-testid=""update-claim-ref""               data-ref={ref}               data-ref-kind={refKind(ref)}               title={`${kind}: ${ref}`}               aria-label={`${kind}: ${title}`}               onClick={() => onOpen(ref)}             >",
face violation,<button>,173,web/src/features/project-room/update/UpdatePosture.tsx,UX-CANON A.1/U1: every verb is the library Button,"<button                 key={ref}                 type=""button""                 className=""desk-chip quiet""                 data-testid=""update-claim-ref""                 data-ref={ref}                 data-ref-kind={refKind(ref)}                 title={ref}                 aria-label={label}                 onClick={() => onOpen(ref)}               >",
face violation,<button>,70,web/src/pages/cores/AssignmentModelChooser.tsx,UX-CANON A.1/U1: every verb is the library Button,"<button         type=""button""         role=""radio""         aria-checked={selected}         aria-label={`${candidate.label}, ${candidate.readiness}${added ? "", in draft"" : """"}`}         data-selected={selected || undefined}         data-added={added || undefined}         key={candidate.profile_id}         onClick={() => { setActiveId(candidate.profile_id); on",
face violation,<button>,402,web/src/pages/cores/ComponentsCore.tsx,UX-CANON A.1/U1: every verb is the library Button,"<button           ref={popoverAnchorRef}           type=""button""           className=""signal-btn""           onClick={() => setPopoverOpen(!popoverOpen)}         >",
face violation,<button>,537,web/src/pages/cores/LiveCore.tsx,UX-CANON A.1/U1: every verb is the library Button,"<button             type=""button""             className=""btn-link""             onClick={() => openPrimitive(`meeting:${retainedMeetingId}`)}           >",
needs reading,<input>,383,web/src/pages/cores/ModelLibraryCore.tsx,native password bypasses a named surface species; verify the bounded-value exception,"<input ref={secretRef} type=""password"" autoComplete=""new-password"" aria-label=""Provider key"" />",password
needs reading,<input>,396,web/src/pages/cores/ModelLibraryCore.tsx,native password bypasses a named surface species; verify the bounded-value exception,"<input ref={secretRef} type=""password"" autoComplete=""new-password"" aria-label=""Provider key"" />",password
needs reading,<input>,404,web/src/pages/cores/ModelLibraryCore.tsx,native file bypasses a named surface species; verify the bounded-value exception,"<input type=""file"" accept="".gguf,.mlx"" aria-label=""Model file"" onChange={(event) => setFile(event.target.files?.[0] ?? null)} />",file
sanctioned,<input>,434,web/src/pages/cores/ModelLibraryCore.tsx,model row selection; surface contract Accessibility explicitly permits real radio inputs,"<input ref={(element) => { rowRefs.current[row.id] = element; }} type=""radio"" name={groupName} value={row.id} checked={selectedRow} onChange={() => setSelectedId(row.id)} />",radio
needs reading,<input>,441,web/src/pages/cores/TopologyMapView.tsx,native password bypasses a named surface species; verify the bounded-value exception,"<input ref={secretRef} className=""hs-control"" type=""password"" autoComplete=""new-password"" placeholder=""Key (optional)"" />",password
needs reading,<input>,456,web/src/pages/cores/TopologyMapView.tsx,native password bypasses a named surface species; verify the bounded-value exception,"<input ref={secretRef} className=""hs-control"" type=""password"" autoComplete=""new-password"" placeholder=""Key"" />",password
face violation,<button>,92,web/src/pages/cores/WorkbenchesHomeCore.tsx,UX-CANON A.1/U1: every verb is the library Button,"<button                 key={wb.id}                 type=""button""                 className=""wb-home-card""                 data-needs={needsYou ? ""true"" : undefined}                 onClick={() => useDesk.getState().openWorkbenchWindow(wb.id)}               >",
face violation,role=button,211,web/src/pages/cores/history/CatalogRail.tsx,UX-CANON A.1/U1: every verb is the library Button,"role=""button""",
needs reading,<input>,80,web/src/pages/cores/history/ImportSection.tsx,native file bypasses a named surface species; verify the bounded-value exception,"<input           type=""file""           accept=""audio/*,.wav,.mp3,.m4a,.ogg,.flac,.vtt,.srt,.txt""           onChange={(event) => setFile(event.target.files?.[0] ?? null)}         />",file
face violation,<button>,79,web/src/pages/cores/settingsBespoke.tsx,UX-CANON A.1/U1: every verb is the library Button,"<button           type=""button""           className={""gadget-keycap"" + (listening ? "" is-listening"" : """")}           aria-label={             listening               ? ""Listening for the hold key. Esc cancels.""               : `Push-to-talk key: ${current}. Press to change.`           }           onClick={() => {             onRefuse?.("""");             setLi",
