surface_file,jsx_sites,scope,failed_rules,review_rules,library_species_sites,raw_control_sites,direct_css_files,direct_css_literal_records,direct_css_off_type_records,evidence,coverage_note
web/src/App.tsx,15,consumer/support,,,1,0,,0,0,,Own written source and direct CSS imports only; shared descendants/styles are separate rows; blank is not a pass.
web/src/components/AmbientLayer.tsx,49,consumer/support,,T4,2,0,,0,0,,Own written source and direct CSS imports only; shared descendants/styles are separate rows; blank is not a pass.
web/src/components/AppShell.tsx,2,consumer/support,,,0,0,,0,0,,Own written source and direct CSS imports only; shared descendants/styles are separate rows; blank is not a pass.
web/src/components/ErrorBoundary.tsx,4,consumer/support,,A7,1,0,,0,0,,Own written source and direct CSS imports only; shared descendants/styles are separate rows; blank is not a pass.
web/src/components/signal/Signal.tsx,15,library implementation,,,0,4,,0,0,,Own written source and direct CSS imports only; shared descendants/styles are separate rows; blank is not a pass.
web/src/design/AtmospherePreview.tsx,23,dev preview,,D1 D2 M10,0,6,web/src/styles/tokens.css | web/src/styles/global.css | web/src/desk/desk.css | web/src/design/atmosphere-preview.css,75,7,,Own written source and direct CSS imports only; shared descendants/styles are separate rows; blank is not a pass.
web/src/design/atmosphere-preview.tsx,1,dev preview,,,0,0,,0,0,,Own written source and direct CSS imports only; shared descendants/styles are separate rows; blank is not a pass.
web/src/desk/DeskApp.tsx,45,consumer/support,,D1 D2,1,0,web/src/desk/desk.css,18,0,,Own written source and direct CSS imports only; shared descendants/styles are separate rows; blank is not a pass.
web/src/desk/chair/Chair.tsx,1,consumer/support,,D1 D2 M10,0,0,web/src/desk/chair/chair.css,45,13,,Own written source and direct CSS imports only; shared descendants/styles are separate rows; blank is not a pass.
web/src/desk/chair/ChairHome.tsx,158,consumer/support,,,68,0,,0,0,,Own written source and direct CSS imports only; shared descendants/styles are separate rows; blank is not a pass.
web/src/desk/chair/_parked/FinishThoughtsLane.tsx,17,parked,,,,,,0,0,,Own written source and direct CSS imports only; shared descendants/styles are separate rows; blank is not a pass.
web/src/desk/chair/_parked/Lane.tsx,5,parked,,,,,,0,0,,Own written source and direct CSS imports only; shared descendants/styles are separate rows; blank is not a pass.
web/src/desk/chair/_parked/ThoughtEntry.tsx,12,parked,,A7,,,,0,0,,Own written source and direct CSS imports only; shared descendants/styles are separate rows; blank is not a pass.
web/src/desk/chair/_parked/hero/CaptureHero.tsx,17,parked,,D1 D2,,,web/src/desk/chair/_parked/hero/hero.css,1,3,,Own written source and direct CSS imports only; shared descendants/styles are separate rows; blank is not a pass.
web/src/desk/chair/_parked/lanes/AgentsLane.tsx,7,parked,,,,,,0,0,,Own written source and direct CSS imports only; shared descendants/styles are separate rows; blank is not a pass.
web/src/desk/chair/_parked/lanes/BriefLane.tsx,15,parked,,T4,,,,0,0,,Own written source and direct CSS imports only; shared descendants/styles are separate rows; blank is not a pass.
web/src/desk/chair/_parked/lanes/DoorBoardLane.tsx,78,parked,,A7,,,,0,0,,Own written source and direct CSS imports only; shared descendants/styles are separate rows; blank is not a pass.
web/src/desk/chair/_parked/lanes/MeetingsLane.tsx,1,parked,,,,,,0,0,,Own written source and direct CSS imports only; shared descendants/styles are separate rows; blank is not a pass.
web/src/desk/components/AgentAvatar.tsx,2,consumer/support,,,0,0,,0,0,,Own written source and direct CSS imports only; shared descendants/styles are separate rows; blank is not a pass.
web/src/desk/components/ApplicationBoundary.tsx,4,consumer/support,,A7,1,0,,0,0,,Own written source and direct CSS imports only; shared descendants/styles are separate rows; blank is not a pass.
web/src/desk/components/AskPanel.tsx,55,consumer/support,T5,A7 D1 D2 U3,21,1,web/src/desk/components/chrome-menus.css,134,10,web/src/desk/components/AskPanel.tsx:432,Own written source and direct CSS imports only; shared descendants/styles are separate rows; blank is not a pass.
web/src/desk/components/AttentionDrawer.tsx,78,consumer/support,,D1 D2 T4,19,0,web/src/desk/components/attention.css,121,3,,Own written source and direct CSS imports only; shared descendants/styles are separate rows; blank is not a pass.
web/src/desk/components/CallChip.tsx,1,consumer/support,T5 U1,,0,1,,0,0,web/src/desk/components/CallChip.tsx:135,Own written source and direct CSS imports only; shared descendants/styles are separate rows; blank is not a pass.
web/src/desk/components/DeliveryBoard.tsx,81,consumer/support,T5 U1,D1 D2,20,3,web/src/desk/components/delivery.css,47,5,web/src/desk/components/DeliveryBoard.tsx:89 | web/src/desk/components/DeliveryBoard.tsx:439 | web/src/desk/components/DeliveryBoard.tsx:467,Own written source and direct CSS imports only; shared descendants/styles are separate rows; blank is not a pass.
web/src/desk/components/DeliveryDossierWindow.tsx,50,consumer/support,T5 U1,A7,10,1,,0,0,web/src/desk/components/DeliveryDossierWindow.tsx:236,Own written source and direct CSS imports only; shared descendants/styles are separate rows; blank is not a pass.
web/src/desk/components/DeliveryListSection.tsx,17,consumer/support,T5 U1,,0,1,,0,0,web/src/desk/components/DeliveryListSection.tsx:52,Own written source and direct CSS imports only; shared descendants/styles are separate rows; blank is not a pass.
web/src/desk/components/DeliveryTerminalWindow.tsx,37,consumer/support,,A7,8,0,,0,0,,Own written source and direct CSS imports only; shared descendants/styles are separate rows; blank is not a pass.
web/src/desk/components/DeskChrome.tsx,27,consumer/support,T5 U1,D1 D2,5,2,web/src/desk/components/chrome-menus.css,134,10,web/src/desk/components/DeskChrome.tsx:41 | web/src/desk/components/DeskChrome.tsx:160,Own written source and direct CSS imports only; shared descendants/styles are separate rows; blank is not a pass.
web/src/desk/components/DeskComposer.tsx,5,consumer/support,,D1 D2,3,0,web/src/desk/components/session-pullout.css,48,4,,Own written source and direct CSS imports only; shared descendants/styles are separate rows; blank is not a pass.
web/src/desk/components/DeskCreateMenu.tsx,6,consumer/support,T5 U1,A7,0,1,,0,0,web/src/desk/components/DeskCreateMenu.tsx:40,Own written source and direct CSS imports only; shared descendants/styles are separate rows; blank is not a pass.
web/src/desk/components/DeskEditor.tsx,17,consumer/support,T5 U1,A7 D1 D2,0,11,web/src/desk/components/inline-editor.css,26,4,web/src/desk/components/DeskEditor.tsx:330 | web/src/desk/components/DeskEditor.tsx:340 | web/src/desk/components/DeskEditor.tsx:350 | web/src/desk/components/DeskEditor.tsx:360 | web/src/desk/components/DeskEditor.tsx:369 | web/src/desk/components/DeskEditor.tsx:378 | web/src/desk/components/DeskEditor.tsx:387 | web/src/desk/components/DeskEditor.tsx:396 | web/src/desk/components/DeskEditor.tsx:405 | web/src/desk/components/DeskEditor.tsx:414 | web/src/desk/components/DeskEditor.tsx:423,Own written source and direct CSS imports only; shared descendants/styles are separate rows; blank is not a pass.
web/src/desk/components/DeskFilingStrip.tsx,25,consumer/support,T5 U1,T4,5,4,,0,0,web/src/desk/components/DeskFilingStrip.tsx:137 | web/src/desk/components/DeskFilingStrip.tsx:165 | web/src/desk/components/DeskFilingStrip.tsx:190 | web/src/desk/components/DeskFilingStrip.tsx:200,Own written source and direct CSS imports only; shared descendants/styles are separate rows; blank is not a pass.
web/src/desk/components/DeskListView.tsx,23,consumer/support,,A7 D1 D2,4,0,web/src/desk/components/list-view.css,29,7,,Own written source and direct CSS imports only; shared descendants/styles are separate rows; blank is not a pass.
web/src/desk/components/DeskMenu.tsx,29,consumer/support,T5 U1,A7,0,4,,0,0,web/src/desk/components/DeskMenu.tsx:154 | web/src/desk/components/DeskMenu.tsx:322 | web/src/desk/components/DeskMenu.tsx:402 | web/src/desk/components/DeskMenu.tsx:567,Own written source and direct CSS imports only; shared descendants/styles are separate rows; blank is not a pass.
web/src/desk/components/DeskMenuBar.tsx,4,consumer/support,T5 U1,D1 D2,0,1,web/src/desk/components/chrome-menus.css,134,10,web/src/desk/components/DeskMenuBar.tsx:89,Own written source and direct CSS imports only; shared descendants/styles are separate rows; blank is not a pass.
web/src/desk/components/DeskSortableTable.tsx,21,consumer/support,T5 U1,D1 D2 U3,1,1,web/src/desk/components/list-view.css,29,7,web/src/desk/components/DeskSortableTable.tsx:96,Own written source and direct CSS imports only; shared descendants/styles are separate rows; blank is not a pass.
web/src/desk/components/DeskStartActions.tsx,6,consumer/support,T5 U1,,0,2,,0,0,web/src/desk/components/DeskStartActions.tsx:16 | web/src/desk/components/DeskStartActions.tsx:23,Own written source and direct CSS imports only; shared descendants/styles are separate rows; blank is not a pass.
web/src/desk/components/DeskToolInspector.tsx,69,consumer/support,T5 U1,A7 D1 D2 T4 U6,3,10,web/src/desk/components/chrome-menus.css,134,10,web/src/desk/components/DeskToolInspector.tsx:274 | web/src/desk/components/DeskToolInspector.tsx:293 | web/src/desk/components/DeskToolInspector.tsx:329 | web/src/desk/components/DeskToolInspector.tsx:338 | web/src/desk/components/DeskToolInspector.tsx:387 | web/src/desk/components/DeskToolInspector.tsx:459 | web/src/desk/components/DeskToolInspector.tsx:468 | web/src/desk/components/DeskToolInspector.tsx:479 | web/src/desk/components/DeskToolInspector.tsx:503 | web/src/desk/components/DeskToolInspector.tsx:515,Own written source and direct CSS imports only; shared descendants/styles are separate rows; blank is not a pass.
web/src/desk/components/DeskToolShelf.tsx,18,consumer/support,T5 U1,A7 D1 D2 U6,1,2,web/src/desk/components/chrome-menus.css,134,10,web/src/desk/components/DeskToolShelf.tsx:501 | web/src/desk/components/DeskToolShelf.tsx:566,Own written source and direct CSS imports only; shared descendants/styles are separate rows; blank is not a pass.
web/src/desk/components/DeskWindow.tsx,18,consumer/support,T5 U1,,0,3,,0,0,web/src/desk/components/DeskWindow.tsx:838 | web/src/desk/components/DeskWindow.tsx:846 | web/src/desk/components/DeskWindow.tsx:855,Own written source and direct CSS imports only; shared descendants/styles are separate rows; blank is not a pass.
web/src/desk/components/EditorAIBar.tsx,6,consumer/support,,D1 D2 U3,2,0,web/src/desk/components/inline-editor.css,26,4,,Own written source and direct CSS imports only; shared descendants/styles are separate rows; blank is not a pass.
web/src/desk/components/EmptyDesk.tsx,12,consumer/support,T5 U1,A7 D1 D2,0,2,web/src/desk/components/inline-editor.css,26,4,web/src/desk/components/EmptyDesk.tsx:38 | web/src/desk/components/EmptyDesk.tsx:48,Own written source and direct CSS imports only; shared descendants/styles are separate rows; blank is not a pass.
web/src/desk/components/FirstWords.tsx,18,consumer/support,T5 U1,A7 T4,8,2,,0,0,web/src/desk/components/FirstWords.tsx:360 | web/src/desk/components/FirstWords.tsx:458,Own written source and direct CSS imports only; shared descendants/styles are separate rows; blank is not a pass.
web/src/desk/components/GlassDropLayer.tsx,16,consumer/support,T5 U1,A7,0,3,,0,0,web/src/desk/components/GlassDropLayer.tsx:142 | web/src/desk/components/GlassDropLayer.tsx:151 | web/src/desk/components/GlassDropLayer.tsx:165,Own written source and direct CSS imports only; shared descendants/styles are separate rows; blank is not a pass.
web/src/desk/components/GroundingSection.tsx,38,consumer/support,T5 U1,A7,7,5,,0,0,web/src/desk/components/GroundingSection.tsx:205 | web/src/desk/components/GroundingSection.tsx:225 | web/src/desk/components/GroundingSection.tsx:259 | web/src/desk/components/GroundingSection.tsx:296 | web/src/desk/components/GroundingSection.tsx:350,Own written source and direct CSS imports only; shared descendants/styles are separate rows; blank is not a pass.
web/src/desk/components/InfoWindow.tsx,46,consumer/support,T5 U1,,3,4,,0,0,web/src/desk/components/InfoWindow.tsx:45 | web/src/desk/components/InfoWindow.tsx:178 | web/src/desk/components/InfoWindow.tsx:198 | web/src/desk/components/InfoWindow.tsx:239,Own written source and direct CSS imports only; shared descendants/styles are separate rows; blank is not a pass.
web/src/desk/components/InletAutocomplete.tsx,16,consumer/support,,D1 U3,4,0,web/src/desk/components/inlet-autocomplete.css,6,0,,Own written source and direct CSS imports only; shared descendants/styles are separate rows; blank is not a pass.
web/src/desk/components/InlineEditor.tsx,6,consumer/support,,D1 D2,3,0,web/src/desk/components/inline-editor.css,26,4,,Own written source and direct CSS imports only; shared descendants/styles are separate rows; blank is not a pass.
web/src/desk/components/InterviewPanel.tsx,37,consumer/support,,A7 D1 T4,10,0,web/src/desk/components/interview.css,13,0,,Own written source and direct CSS imports only; shared descendants/styles are separate rows; blank is not a pass.
web/src/desk/components/MicButton.tsx,11,library implementation,,D1 D2,0,2,web/src/desk/components/speak-to-fill.css,25,2,,Own written source and direct CSS imports only; shared descendants/styles are separate rows; blank is not a pass.
web/src/desk/components/MissionControlConveyor.tsx,96,consumer/support,T5 U1,A7 D1 D2 T4,20,4,web/src/desk/components/mission-control.css,85,12,web/src/desk/components/MissionControlConveyor.tsx:80 | web/src/desk/components/MissionControlConveyor.tsx:158 | web/src/desk/components/MissionControlConveyor.tsx:180 | web/src/desk/components/MissionControlConveyor.tsx:470,Own written source and direct CSS imports only; shared descendants/styles are separate rows; blank is not a pass.
web/src/desk/components/ModeTabs.tsx,4,consumer/support,T5 U1,,0,1,,0,0,web/src/desk/components/ModeTabs.tsx:121,Own written source and direct CSS imports only; shared descendants/styles are separate rows; blank is not a pass.
web/src/desk/components/NewWorkbenchChooser.tsx,3,consumer/support,,,0,0,,0,0,,Own written source and direct CSS imports only; shared descendants/styles are separate rows; blank is not a pass.
web/src/desk/components/PrReceiptsSection.tsx,84,consumer/support,,A7 D1 D2 T4 U6,18,0,web/src/desk/components/delivery.css,47,5,,Own written source and direct CSS imports only; shared descendants/styles are separate rows; blank is not a pass.
web/src/desk/components/Pullout.tsx,16,consumer/support,T5 U1,A7 D1 D2,2,1,web/src/desk/components/pullout.css,109,5,web/src/desk/components/Pullout.tsx:125,Own written source and direct CSS imports only; shared descendants/styles are separate rows; blank is not a pass.
web/src/desk/components/RailsPicker.tsx,16,consumer/support,T5 U1,U3,3,1,,0,0,web/src/desk/components/RailsPicker.tsx:146,Own written source and direct CSS imports only; shared descendants/styles are separate rows; blank is not a pass.
web/src/desk/components/ReceiptLine.tsx,1,consumer/support,,,0,0,,0,0,,Own written source and direct CSS imports only; shared descendants/styles are separate rows; blank is not a pass.
web/src/desk/components/RecordOrb.tsx,5,consumer/support,T5 U1,D1,0,1,web/src/desk/components/record-orb.css,4,0,web/src/desk/components/RecordOrb.tsx:58,Own written source and direct CSS imports only; shared descendants/styles are separate rows; blank is not a pass.
web/src/desk/components/RepoWindow.tsx,29,consumer/support,,D1 D2 T4,12,0,web/src/desk/components/RepoWindow.css,16,2,,Own written source and direct CSS imports only; shared descendants/styles are separate rows; blank is not a pass.
web/src/desk/components/RoadmapWindow.tsx,41,consumer/support,,D1 D2,7,0,web/src/desk/components/RoadmapWindow.css,40,6,,Own written source and direct CSS imports only; shared descendants/styles are separate rows; blank is not a pass.
web/src/desk/components/ScheduleCreateWindow.tsx,20,consumer/support,,A7 D2 T5,12,1,,0,0,,Own written source and direct CSS imports only; shared descendants/styles are separate rows; blank is not a pass.
web/src/desk/components/SessionPullout.tsx,87,consumer/support,T5 U1,A7 D1 D2,27,7,web/src/desk/components/session-pullout.css,48,4,web/src/desk/components/SessionPullout.tsx:308 | web/src/desk/components/SessionPullout.tsx:581 | web/src/desk/components/SessionPullout.tsx:593 | web/src/desk/components/SessionPullout.tsx:614 | web/src/desk/components/SessionPullout.tsx:635 | web/src/desk/components/SessionPullout.tsx:768 | web/src/desk/components/SessionPullout.tsx:470,Own written source and direct CSS imports only; shared descendants/styles are separate rows; blank is not a pass.
web/src/desk/components/SpeakerGlyph.tsx,1,consumer/support,T5 U1,,0,1,,0,0,web/src/desk/components/SpeakerGlyph.tsx:57,Own written source and direct CSS imports only; shared descendants/styles are separate rows; blank is not a pass.
web/src/desk/components/SurfaceWindows.tsx,12,consumer/support,,,0,0,,0,0,,Own written source and direct CSS imports only; shared descendants/styles are separate rows; blank is not a pass.
web/src/desk/components/SystemShade.tsx,105,consumer/support,,A7 D1 D2,15,0,web/src/desk/components/attention.css,121,3,,Own written source and direct CSS imports only; shared descendants/styles are separate rows; blank is not a pass.
web/src/desk/components/ThreadComposer.tsx,28,consumer/support,T5,A7,7,2,,0,0,web/src/desk/components/ThreadComposer.tsx:974 | web/src/desk/components/ThreadComposer.tsx:1068,Own written source and direct CSS imports only; shared descendants/styles are separate rows; blank is not a pass.
web/src/desk/components/TrustWindow.tsx,17,consumer/support,A6 C4 T3 T5 U1,A7,8,1,,0,0,web/src/desk/components/TrustWindow.tsx:158 | web/src/desk/components/TrustWindow.tsx:61 | web/src/desk/components/TrustWindow.tsx:86,Own written source and direct CSS imports only; shared descendants/styles are separate rows; blank is not a pass.
web/src/desk/components/WhyControl.tsx,1,consumer/support,,U3,1,0,,0,0,,Own written source and direct CSS imports only; shared descendants/styles are separate rows; blank is not a pass.
web/src/desk/components/WorkbenchAutomations.tsx,41,consumer/support,,A7 U6,13,0,,0,0,,Own written source and direct CSS imports only; shared descendants/styles are separate rows; blank is not a pass.
web/src/desk/components/WorkbenchResourceful.tsx,33,consumer/support,T5 U1,A7,17,2,,0,0,web/src/desk/components/WorkbenchResourceful.tsx:191 | web/src/desk/components/WorkbenchResourceful.tsx:199,Own written source and direct CSS imports only; shared descendants/styles are separate rows; blank is not a pass.
web/src/desk/components/WorkbenchTemplatePicker.tsx,14,consumer/support,T5 U1,A7,3,2,,0,0,web/src/desk/components/WorkbenchTemplatePicker.tsx:94 | web/src/desk/components/WorkbenchTemplatePicker.tsx:111,Own written source and direct CSS imports only; shared descendants/styles are separate rows; blank is not a pass.
web/src/desk/components/WorkbenchWindow.tsx,142,consumer/support,T5 U1,A7 D1 D2 T4 U3,34,24,web/src/desk/components/workbench-config.css,91,15,web/src/desk/components/WorkbenchWindow.tsx:178 | web/src/desk/components/WorkbenchWindow.tsx:319 | web/src/desk/components/WorkbenchWindow.tsx:422 | web/src/desk/components/WorkbenchWindow.tsx:431 | web/src/desk/components/WorkbenchWindow.tsx:440 | web/src/desk/components/WorkbenchWindow.tsx:449 | web/src/desk/components/WorkbenchWindow.tsx:465 | web/src/desk/components/WorkbenchWindow.tsx:539 | web/src/desk/components/WorkbenchWindow.tsx:717 | web/src/desk/components/WorkbenchWindow.tsx:782 | web/src/desk/components/WorkbenchWindow.tsx:865 | web/src/desk/components/WorkbenchWindow.tsx:876 | web/src/desk/components/WorkbenchWindow.tsx:887 | web/src/desk/components/WorkbenchWindow.tsx:897 | web/src/desk/components/WorkbenchWindow.tsx:906 | web/src/desk/components/WorkbenchWindow.tsx:915 | web/src/desk/components/WorkbenchWindow.tsx:1490 | web/src/desk/components/WorkbenchWindow.tsx:1621 | web/src/desk/components/WorkbenchWindow.tsx:1628 | web/src/desk/components/WorkbenchWindow.tsx:1646 | web/src/desk/components/WorkbenchWindow.tsx:1781 | web/src/desk/components/WorkbenchWindow.tsx:1790 | web/src/desk/components/WorkbenchWindow.tsx:1870 | web/src/desk/components/WorkbenchWindow.tsx:1704,Own written source and direct CSS imports only; shared descendants/styles are separate rows; blank is not a pass.
web/src/desk/components/ZoneWindow.tsx,16,consumer/support,T5 U1,,3,2,,0,0,web/src/desk/components/ZoneWindow.tsx:139 | web/src/desk/components/ZoneWindow.tsx:175,Own written source and direct CSS imports only; shared descendants/styles are separate rows; blank is not a pass.
web/src/desk/components/window/Dock.tsx,27,consumer/support,T5 U1,,0,7,,0,0,web/src/desk/components/window/Dock.tsx:124 | web/src/desk/components/window/Dock.tsx:177 | web/src/desk/components/window/Dock.tsx:197 | web/src/desk/components/window/Dock.tsx:241 | web/src/desk/components/window/Dock.tsx:269 | web/src/desk/components/window/Dock.tsx:282 | web/src/desk/components/window/Dock.tsx:291,Own written source and direct CSS imports only; shared descendants/styles are separate rows; blank is not a pass.
web/src/desk/components/window/Expose.tsx,5,consumer/support,T5 U1,,0,1,,0,0,web/src/desk/components/window/Expose.tsx:124,Own written source and direct CSS imports only; shared descendants/styles are separate rows; blank is not a pass.
web/src/desk/components/window/RoomActions.tsx,7,consumer/support,,,2,0,,0,0,,Own written source and direct CSS imports only; shared descendants/styles are separate rows; blank is not a pass.
web/src/desk/components/window/ShortcutSheet.tsx,7,consumer/support,,A7,0,0,,0,0,,Own written source and direct CSS imports only; shared descendants/styles are separate rows; blank is not a pass.
web/src/desk/components/window/SnapGhost.tsx,1,consumer/support,,,0,0,,0,0,,Own written source and direct CSS imports only; shared descendants/styles are separate rows; blank is not a pass.
web/src/desk/components/window/Switcher.tsx,3,consumer/support,,,0,0,,0,0,,Own written source and direct CSS imports only; shared descendants/styles are separate rows; blank is not a pass.
web/src/desk/components/window/VerbGlyph.tsx,5,consumer/support,,,0,0,,0,0,,Own written source and direct CSS imports only; shared descendants/styles are separate rows; blank is not a pass.
web/src/desk/components/workbench/WorkbenchRunsWing.tsx,19,consumer/support,,,3,0,,0,0,,Own written source and direct CSS imports only; shared descendants/styles are separate rows; blank is not a pass.
web/src/desk/gl/Atmosphere.tsx,3,consumer/support,,,0,0,,0,0,,Own written source and direct CSS imports only; shared descendants/styles are separate rows; blank is not a pass.
web/src/desk/gl/WorldStage.tsx,24,consumer/support,T5 U1,A7,0,4,,0,0,web/src/desk/gl/WorldStage.tsx:264 | web/src/desk/gl/WorldStage.tsx:354 | web/src/desk/gl/WorldStage.tsx:365 | web/src/desk/gl/WorldStage.tsx:444,Own written source and direct CSS imports only; shared descendants/styles are separate rows; blank is not a pass.
web/src/desk/pullouts/ArtifactPullout.tsx,13,consumer/support,T5 U1,,2,3,,0,0,web/src/desk/pullouts/ArtifactPullout.tsx:38 | web/src/desk/pullouts/ArtifactPullout.tsx:57 | web/src/desk/pullouts/ArtifactPullout.tsx:64,Own written source and direct CSS imports only; shared descendants/styles are separate rows; blank is not a pass.
web/src/desk/pullouts/ChainPullout.tsx,12,consumer/support,C2 T4 T5 U1,,4,2,,0,0,web/src/desk/pullouts/ChainPullout.tsx:58 | web/src/desk/pullouts/ChainPullout.tsx:67 | web/src/desk/pullouts/ChainPullout.tsx:42-47,Own written source and direct CSS imports only; shared descendants/styles are separate rows; blank is not a pass.
web/src/desk/pullouts/CoderPullout.tsx,21,consumer/support,T5 U1,A7,5,6,,0,0,web/src/desk/pullouts/CoderPullout.tsx:78 | web/src/desk/pullouts/CoderPullout.tsx:117 | web/src/desk/pullouts/CoderPullout.tsx:147 | web/src/desk/pullouts/CoderPullout.tsx:166 | web/src/desk/pullouts/CoderPullout.tsx:173 | web/src/desk/pullouts/CoderPullout.tsx:109,Own written source and direct CSS imports only; shared descendants/styles are separate rows; blank is not a pass.
web/src/desk/pullouts/DecisionPullout.tsx,30,consumer/support,,,16,0,,0,0,,Own written source and direct CSS imports only; shared descendants/styles are separate rows; blank is not a pass.
web/src/desk/pullouts/DirectoryPullout.tsx,10,consumer/support,T5 U1,,5,1,,0,0,web/src/desk/pullouts/DirectoryPullout.tsx:76,Own written source and direct CSS imports only; shared descendants/styles are separate rows; blank is not a pass.
web/src/desk/pullouts/FallbackPullout.tsx,3,consumer/support,,,2,0,,0,0,,Own written source and direct CSS imports only; shared descendants/styles are separate rows; blank is not a pass.
web/src/desk/pullouts/IntelligencePullout.tsx,18,consumer/support,T5 U1,D1 D2 M10 T4,4,1,web/src/desk/pullouts/intelligence.css,47,13,web/src/desk/pullouts/IntelligencePullout.tsx:37,Own written source and direct CSS imports only; shared descendants/styles are separate rows; blank is not a pass.
web/src/desk/pullouts/KbPullout.tsx,17,consumer/support,,,10,0,,0,0,,Own written source and direct CSS imports only; shared descendants/styles are separate rows; blank is not a pass.
web/src/desk/pullouts/MeetingPullout.tsx,26,consumer/support,T5 U1,A7 U3,4,2,,0,0,web/src/desk/pullouts/MeetingPullout.tsx:179 | web/src/desk/pullouts/MeetingPullout.tsx:188,Own written source and direct CSS imports only; shared descendants/styles are separate rows; blank is not a pass.
web/src/desk/pullouts/NotePullout.tsx,111,consumer/support,,T4,48,0,,0,0,,Own written source and direct CSS imports only; shared descendants/styles are separate rows; blank is not a pass.
web/src/desk/pullouts/PeoplePullout.tsx,6,consumer/support,,,3,0,,0,0,,Own written source and direct CSS imports only; shared descendants/styles are separate rows; blank is not a pass.
web/src/desk/pullouts/RecipePullout.tsx,19,consumer/support,,,8,0,,0,0,,Own written source and direct CSS imports only; shared descendants/styles are separate rows; blank is not a pass.
web/src/desk/pullouts/ThoughtContextPicker.tsx,49,consumer/support,T5 U1,A7 T4,7,2,,0,0,web/src/desk/pullouts/ThoughtContextPicker.tsx:163 | web/src/desk/pullouts/ThoughtContextPicker.tsx:192,Own written source and direct CSS imports only; shared descendants/styles are separate rows; blank is not a pass.
web/src/desk/pullouts/ThreadPullout.tsx,195,consumer/support,T5 U1,D1 D2 U3,32,9,web/src/desk/pullouts/thread-pullout.css,277,12,web/src/desk/pullouts/ThreadPullout.tsx:110 | web/src/desk/pullouts/ThreadPullout.tsx:122 | web/src/desk/pullouts/ThreadPullout.tsx:1671 | web/src/desk/pullouts/ThreadPullout.tsx:181 | web/src/desk/pullouts/ThreadPullout.tsx:212 | web/src/desk/pullouts/ThreadPullout.tsx:744 | web/src/desk/pullouts/ThreadPullout.tsx:1649,Own written source and direct CSS imports only; shared descendants/styles are separate rows; blank is not a pass.
web/src/desk/pullouts/WorkflowPullout.tsx,13,consumer/support,,,5,0,,0,0,,Own written source and direct CSS imports only; shared descendants/styles are separate rows; blank is not a pass.
web/src/desk/pullouts/editors/KbEditor.tsx,14,consumer/support,T5 U1,D2,1,2,,0,0,web/src/desk/pullouts/editors/KbEditor.tsx:107 | web/src/desk/pullouts/editors/KbEditor.tsx:114,Own written source and direct CSS imports only; shared descendants/styles are separate rows; blank is not a pass.
web/src/desk/pullouts/editors/NoteEditor.tsx,15,consumer/support,T5 U1,D2,2,2,,0,0,web/src/desk/pullouts/editors/NoteEditor.tsx:112 | web/src/desk/pullouts/editors/NoteEditor.tsx:119,Own written source and direct CSS imports only; shared descendants/styles are separate rows; blank is not a pass.
web/src/desk/pullouts/editors/RecipeEditor.tsx,12,consumer/support,T5 U1,,7,1,,0,0,web/src/desk/pullouts/editors/RecipeEditor.tsx:104,Own written source and direct CSS imports only; shared descendants/styles are separate rows; blank is not a pass.
web/src/desk/pullouts/editors/ThoughtNoteEditor.tsx,5,consumer/support,,,3,0,,0,0,,Own written source and direct CSS imports only; shared descendants/styles are separate rows; blank is not a pass.
web/src/desk/pullouts/editors/WorkflowEditor.tsx,13,consumer/support,T5 U1,A7,4,3,,0,0,web/src/desk/pullouts/editors/WorkflowEditor.tsx:94 | web/src/desk/pullouts/editors/WorkflowEditor.tsx:107 | web/src/desk/pullouts/editors/WorkflowEditor.tsx:121,Own written source and direct CSS imports only; shared descendants/styles are separate rows; blank is not a pass.
web/src/desk/pullouts/shared/CapabilitySection.tsx,19,consumer/support,T5 U1,A7,2,4,,0,0,web/src/desk/pullouts/shared/CapabilitySection.tsx:136 | web/src/desk/pullouts/shared/CapabilitySection.tsx:187 | web/src/desk/pullouts/shared/CapabilitySection.tsx:204 | web/src/desk/pullouts/shared/CapabilitySection.tsx:129,Own written source and direct CSS imports only; shared descendants/styles are separate rows; blank is not a pass.
web/src/desk/pullouts/shared/ThreadsSection.tsx,4,consumer/support,,,2,0,,0,0,,Own written source and direct CSS imports only; shared descendants/styles are separate rows; blank is not a pass.
web/src/desk/pullouts/views/BriefView.tsx,45,consumer/support,T5 U1,A7 T4,12,1,,0,0,web/src/desk/pullouts/views/BriefView.tsx:386,Own written source and direct CSS imports only; shared descendants/styles are separate rows; blank is not a pass.
web/src/desk/pullouts/views/DecisionsView.tsx,62,consumer/support,,A7,15,0,,0,0,,Own written source and direct CSS imports only; shared descendants/styles are separate rows; blank is not a pass.
web/src/desk/pullouts/views/FollowThroughView.tsx,31,consumer/support,T5 U1,A7 T4,15,1,,0,0,web/src/desk/pullouts/views/FollowThroughView.tsx:250,Own written source and direct CSS imports only; shared descendants/styles are separate rows; blank is not a pass.
web/src/desk/surface/FilterTokens.tsx,2,library implementation,,D1,1,0,web/src/desk/surface/filter-tokens.css,2,0,,Own written source and direct CSS imports only; shared descendants/styles are separate rows; blank is not a pass.
web/src/desk/surface/LedgerFilter.tsx,16,library implementation,,A7 D1 D2,0,3,web/src/desk/surface/surface-footer.css,54,12,,Own written source and direct CSS imports only; shared descendants/styles are separate rows; blank is not a pass.
web/src/desk/surface/Material.tsx,11,library implementation,,,0,0,,0,0,,Own written source and direct CSS imports only; shared descendants/styles are separate rows; blank is not a pass.
web/src/desk/surface/Surface.tsx,154,library implementation,,A7 D1 D2 M10 T4,2,7,web/src/desk/surface/surface.css,485,31,,Own written source and direct CSS imports only; shared descendants/styles are separate rows; blank is not a pass.
web/src/desk/surface/SurfaceFooter.tsx,5,library implementation,,D1 D2,0,0,web/src/desk/surface/surface-footer.css,54,12,,Own written source and direct CSS imports only; shared descendants/styles are separate rows; blank is not a pass.
web/src/desk/surface/XtermPane.tsx,1,library implementation,,D2,0,0,,0,0,,Own written source and direct CSS imports only; shared descendants/styles are separate rows; blank is not a pass.
web/src/desk/surface/citations.tsx,2,library implementation,,,0,1,,0,0,,Own written source and direct CSS imports only; shared descendants/styles are separate rows; blank is not a pass.
web/src/desk/surface/controls/MicButton.tsx,0,library implementation,,,0,0,,0,0,,Own written source and direct CSS imports only; shared descendants/styles are separate rows; blank is not a pass.
web/src/desk/surface/foot.tsx,0,library implementation,,,0,0,,0,0,,Own written source and direct CSS imports only; shared descendants/styles are separate rows; blank is not a pass.
web/src/desk/surface/gadgets.tsx,82,library implementation,,A7 D1 D2,1,13,web/src/desk/surface/gadgets.css,118,16,,Own written source and direct CSS imports only; shared descendants/styles are separate rows; blank is not a pass.
web/src/desk/surface/graph/TopologySurface.tsx,15,library implementation,,D1 D2,0,1,web/src/desk/surface/graph/topology-surface.css,15,4,,Own written source and direct CSS imports only; shared descendants/styles are separate rows; blank is not a pass.
web/src/desk/surface/patterns/ActionNotice.tsx,4,library implementation,,D1 D2,0,1,web/src/desk/surface/patterns/action-notice.css,4,2,,Own written source and direct CSS imports only; shared descendants/styles are separate rows; blank is not a pass.
web/src/desk/surface/patterns/ChoiceCardGroup.tsx,4,library implementation,,D1 D2,0,2,web/src/desk/surface/patterns/choice-card.css,31,3,,Own written source and direct CSS imports only; shared descendants/styles are separate rows; blank is not a pass.
web/src/desk/surface/patterns/ChoiceCardShell.tsx,13,library implementation,,D1 D2,0,0,web/src/desk/surface/patterns/choice-card.css,31,3,,Own written source and direct CSS imports only; shared descendants/styles are separate rows; blank is not a pass.
web/src/desk/surface/patterns/ClaimAxes.tsx,8,library implementation,,D1,0,0,web/src/desk/surface/patterns/claim-axes.css,1,0,,Own written source and direct CSS imports only; shared descendants/styles are separate rows; blank is not a pass.
web/src/desk/surface/patterns/CoverageRow.tsx,9,library implementation,,D1 D2,1,0,web/src/desk/surface/patterns/coverage-row.css,2,3,,Own written source and direct CSS imports only; shared descendants/styles are separate rows; blank is not a pass.
web/src/desk/surface/patterns/Disclosure.tsx,6,library implementation,,D1 D2,0,1,web/src/desk/surface/patterns/disclosure.css,16,2,,Own written source and direct CSS imports only; shared descendants/styles are separate rows; blank is not a pass.
web/src/desk/surface/patterns/LedgerRemainder.tsx,3,library implementation,,D1,1,0,web/src/desk/surface/patterns/ledger-remainder.css,3,0,,Own written source and direct CSS imports only; shared descendants/styles are separate rows; blank is not a pass.
web/src/desk/surface/patterns/Popover.tsx,2,library implementation,,D1,0,0,web/src/desk/surface/patterns/popover.css,7,0,,Own written source and direct CSS imports only; shared descendants/styles are separate rows; blank is not a pass.
web/src/desk/surface/patterns/ProgressPlan.tsx,15,library implementation,,D1 D2,0,1,web/src/desk/surface/patterns/progress-plan.css,16,3,,Own written source and direct CSS imports only; shared descendants/styles are separate rows; blank is not a pass.
web/src/desk/surface/patterns/ProjectButton.tsx,2,library implementation,,D1 D2,1,0,web/src/desk/surface/patterns/project-button.css,3,1,,Own written source and direct CSS imports only; shared descendants/styles are separate rows; blank is not a pass.
web/src/desk/surface/patterns/ProvenanceChip.tsx,9,library implementation,,D1 D2,0,2,web/src/desk/surface/patterns/provenance.css,8,5,,Own written source and direct CSS imports only; shared descendants/styles are separate rows; blank is not a pass.
web/src/desk/surface/patterns/StateChip.tsx,2,library implementation,,D1 D2,0,0,web/src/desk/surface/patterns/state-chip.css,3,1,,Own written source and direct CSS imports only; shared descendants/styles are separate rows; blank is not a pass.
web/src/desk/surface/patterns/TaskResume.tsx,14,library implementation,,D1 D2,2,0,web/src/desk/surface/patterns/task-resume.css,8,1,,Own written source and direct CSS imports only; shared descendants/styles are separate rows; blank is not a pass.
web/src/desk/surface/title.tsx,0,library implementation,,,0,0,,0,0,,Own written source and direct CSS imports only; shared descendants/styles are separate rows; blank is not a pass.
web/src/desk/surface/wings.tsx,5,library implementation,,,0,2,,0,0,,Own written source and direct CSS imports only; shared descendants/styles are separate rows; blank is not a pass.
web/src/desk/thought-workspace/ThoughtDocumentPane.tsx,6,consumer/support,,A7,1,0,,0,0,,Own written source and direct CSS imports only; shared descendants/styles are separate rows; blank is not a pass.
web/src/desk/thought-workspace/ThoughtReadsWell.tsx,9,consumer/support,,,2,0,,0,0,,Own written source and direct CSS imports only; shared descendants/styles are separate rows; blank is not a pass.
web/src/desk/thought-workspace/ThoughtWorkspaceWindow.tsx,42,consumer/support,,A7 D1 D2,14,0,web/src/desk/thought-workspace/thought-workspace.css,62,2,,Own written source and direct CSS imports only; shared descendants/styles are separate rows; blank is not a pass.
web/src/desk/voice/ProposalStrip.tsx,9,consumer/support,,A7 T4,4,0,,0,0,,Own written source and direct CSS imports only; shared descendants/styles are separate rows; blank is not a pass.
web/src/desk/windowMenuAdapter.tsx,5,consumer/support,,,0,0,,0,0,,Own written source and direct CSS imports only; shared descendants/styles are separate rows; blank is not a pass.
web/src/features/concierge/ConciergeCore.tsx,128,consumer/support,,A7 D1 D2 U3,40,0,web/src/features/concierge/concierge.css,108,3,,Own written source and direct CSS imports only; shared descendants/styles are separate rows; blank is not a pass.
web/src/features/project-room/ProjectRoomCore.tsx,250,consumer/support,A6 C4 T3 T5,A7 D1 T4 U3,97,2,web/src/features/project-room/project-room.css,108,0,web/src/features/project-room/ProjectRoomCore.tsx:1658 | web/src/features/project-room/ProjectRoomCore.tsx:1821 | web/src/features/project-room/ProjectRoomCore.tsx:264 | web/src/features/project-room/ProjectRoomCore.tsx:282,Own written source and direct CSS imports only; shared descendants/styles are separate rows; blank is not a pass.
web/src/features/project-room/RoomPeopleSection.tsx,39,consumer/support,,,13,0,,0,0,,Own written source and direct CSS imports only; shared descendants/styles are separate rows; blank is not a pass.
web/src/features/project-room/_parked/setup/ActivationReview.tsx,25,parked,,A7,,,,0,0,,Own written source and direct CSS imports only; shared descendants/styles are separate rows; blank is not a pass.
web/src/features/project-room/_parked/setup/ClarifyStep.tsx,17,parked,,A7,,,,0,0,,Own written source and direct CSS imports only; shared descendants/styles are separate rows; blank is not a pass.
web/src/features/project-room/_parked/setup/JiraWizard.tsx,77,parked,,D1 D2,,,web/src/features/project-room/_parked/setup/jira-wizard.css,2,1,,Own written source and direct CSS imports only; shared descendants/styles are separate rows; blank is not a pass.
web/src/features/project-room/_parked/setup/ProviderWizardStep.tsx,57,parked,,A7,,,,0,0,,Own written source and direct CSS imports only; shared descendants/styles are separate rows; blank is not a pass.
web/src/features/project-room/_parked/setup/SetupBrief.tsx,27,parked,,,,,,0,0,,Own written source and direct CSS imports only; shared descendants/styles are separate rows; blank is not a pass.
web/src/features/project-room/_parked/setup/SetupInterview.tsx,29,parked,,A7,,,,0,0,,Own written source and direct CSS imports only; shared descendants/styles are separate rows; blank is not a pass.
web/src/features/project-room/_parked/setup/SetupRoot.tsx,38,parked,,A7 D1 D2,,,web/src/features/project-room/_parked/setup/setup.css,16,1,,Own written source and direct CSS imports only; shared descendants/styles are separate rows; blank is not a pass.
web/src/features/project-room/_parked/setup/SuggestionCards.tsx,26,parked,,A7,,,,0,0,,Own written source and direct CSS imports only; shared descendants/styles are separate rows; blank is not a pass.
web/src/features/project-room/_parked/setup/TestResult.tsx,12,parked,,,,,,0,0,,Own written source and direct CSS imports only; shared descendants/styles are separate rows; blank is not a pass.
web/src/features/project-room/_parked/setup/ToolsRow.tsx,11,parked,,,,,,0,0,,Own written source and direct CSS imports only; shared descendants/styles are separate rows; blank is not a pass.
web/src/features/project-room/door/DoorCore.tsx,71,consumer/support,T5,A7 D1 D2,24,1,web/src/features/project-room/door/door.css,68,1,web/src/features/project-room/door/DoorCore.tsx:408,Own written source and direct CSS imports only; shared descendants/styles are separate rows; blank is not a pass.
web/src/features/project-room/prepare/PreparePosture.tsx,138,consumer/support,,A7 D1 T4,60,0,web/src/features/project-room/prepare/prepare-posture.css,15,0,,Own written source and direct CSS imports only; shared descendants/styles are separate rows; blank is not a pass.
web/src/features/project-room/recall/RecallFace.tsx,72,consumer/support,,D1 D2,21,0,web/src/features/project-room/recall/recall.css,28,5,,Own written source and direct CSS imports only; shared descendants/styles are separate rows; blank is not a pass.
web/src/features/project-room/review/ReviewPosture.tsx,84,consumer/support,T5,A7 D1 D2 U3,37,2,web/src/features/project-room/review/review-posture.css,31,4,web/src/features/project-room/review/ReviewPosture.tsx:108,Own written source and direct CSS imports only; shared descendants/styles are separate rows; blank is not a pass.
web/src/features/project-room/steward/StewardPosture.tsx,105,consumer/support,T5 U1,A7 D1 D2 T4 U3,44,1,web/src/features/project-room/steward/steward-posture.css,10,0,web/src/features/project-room/steward/StewardPosture.tsx:261,Own written source and direct CSS imports only; shared descendants/styles are separate rows; blank is not a pass.
web/src/features/project-room/update/UpdatePosture.tsx,78,consumer/support,T5 U1,A7 D1,30,2,web/src/features/project-room/update/update-posture.css,8,0,web/src/features/project-room/update/UpdatePosture.tsx:106 | web/src/features/project-room/update/UpdatePosture.tsx:173,Own written source and direct CSS imports only; shared descendants/styles are separate rows; blank is not a pass.
web/src/main.tsx,5,consumer/support,,D1 D2 M10,0,0,web/src/styles/global.css | web/src/styles/react-app.css,79,10,,Own written source and direct CSS imports only; shared descendants/styles are separate rows; blank is not a pass.
web/src/meetings/MeetingConflictRecovery.tsx,37,consumer/support,,A7,4,0,,0,0,,Own written source and direct CSS imports only; shared descendants/styles are separate rows; blank is not a pass.
web/src/meetings/MeetingIntelRecovery.tsx,13,consumer/support,,T4,5,0,,0,0,,Own written source and direct CSS imports only; shared descendants/styles are separate rows; blank is not a pass.
web/src/meetings/MeetingSummarySlab.tsx,7,consumer/support,,,1,0,,0,0,,Own written source and direct CSS imports only; shared descendants/styles are separate rows; blank is not a pass.
web/src/meetings/RouteDisclosure.tsx,9,consumer/support,,,3,0,,0,0,,Own written source and direct CSS imports only; shared descendants/styles are separate rows; blank is not a pass.
web/src/pages/PresencePage.tsx,4,consumer/support,,,1,0,,0,0,,Own written source and direct CSS imports only; shared descendants/styles are separate rows; blank is not a pass.
web/src/pages/WelcomePage.tsx,4,consumer/support,,,0,0,,0,0,,Own written source and direct CSS imports only; shared descendants/styles are separate rows; blank is not a pass.
web/src/pages/cores/ActivityCore.tsx,19,consumer/support,C2 T4 U6,A7,15,0,,0,0, | web/src/pages/cores/ActivityCore.tsx:230,Own written source and direct CSS imports only; shared descendants/styles are separate rows; blank is not a pass.
web/src/pages/cores/AssignmentEditor.tsx,46,consumer/support,,A7 T4,14,0,,0,0,,Own written source and direct CSS imports only; shared descendants/styles are separate rows; blank is not a pass.
web/src/pages/cores/AssignmentModelChooser.tsx,8,consumer/support,T5 U1,A7,3,1,,0,0,web/src/pages/cores/AssignmentModelChooser.tsx:70,Own written source and direct CSS imports only; shared descendants/styles are separate rows; blank is not a pass.
web/src/pages/cores/AssignmentSummary.tsx,6,consumer/support,,,1,0,,0,0,,Own written source and direct CSS imports only; shared descendants/styles are separate rows; blank is not a pass.
web/src/pages/cores/CadenceCore.tsx,67,consumer/support,,A7 D1 D2 T4,33,0,web/src/pages/cores/rhythm.css,13,0,,Own written source and direct CSS imports only; shared descendants/styles are separate rows; blank is not a pass.
web/src/pages/cores/CalendarSnapshotReviewCore.tsx,25,consumer/support,,A7,16,0,,0,0,,Own written source and direct CSS imports only; shared descendants/styles are separate rows; blank is not a pass.
web/src/pages/cores/CapabilityAssignmentsCore.tsx,27,consumer/support,,U6,7,0,,0,0,,Own written source and direct CSS imports only; shared descendants/styles are separate rows; blank is not a pass.
web/src/pages/cores/ChangePlacesCore.tsx,6,consumer/support,,,5,0,,0,0,,Own written source and direct CSS imports only; shared descendants/styles are separate rows; blank is not a pass.
web/src/pages/cores/CommandsCore.tsx,28,consumer/support,,A7,23,0,,0,0,,Own written source and direct CSS imports only; shared descendants/styles are separate rows; blank is not a pass.
web/src/pages/cores/CompanionCore.tsx,25,consumer/support,,,13,0,,0,0,,Own written source and direct CSS imports only; shared descendants/styles are separate rows; blank is not a pass.
web/src/pages/cores/ComponentsCore.tsx,118,consumer/support,T5 U1,A7 T4,94,1,,0,0,web/src/pages/cores/ComponentsCore.tsx:402,Own written source and direct CSS imports only; shared descendants/styles are separate rows; blank is not a pass.
web/src/pages/cores/ConstitutionalContextCore.tsx,21,consumer/support,,A7 D1,15,0,web/src/pages/cores/constitutional-context.css,1,0,,Own written source and direct CSS imports only; shared descendants/styles are separate rows; blank is not a pass.
web/src/pages/cores/ContextualAssignment.tsx,8,consumer/support,,T4,0,0,,0,0,,Own written source and direct CSS imports only; shared descendants/styles are separate rows; blank is not a pass.
web/src/pages/cores/DictationCore.tsx,21,consumer/support,,D1 D2,4,0,web/src/desk/components/speak.css,59,4,,Own written source and direct CSS imports only; shared descendants/styles are separate rows; blank is not a pass.
web/src/pages/cores/HistoryCore.tsx,26,consumer/support,,A7,13,0,,0,0,,Own written source and direct CSS imports only; shared descendants/styles are separate rows; blank is not a pass.
web/src/pages/cores/LiveCore.tsx,67,consumer/support,C2 T4 T5 U1,U3,47,1,,0,0,web/src/pages/cores/LiveCore.tsx:537 | web/src/pages/cores/LiveCore.tsx:340,Own written source and direct CSS imports only; shared descendants/styles are separate rows; blank is not a pass.
web/src/pages/cores/ModelLibraryCore.tsx,84,consumer/support,,A7 T5,35,4,,0,0,,Own written source and direct CSS imports only; shared descendants/styles are separate rows; blank is not a pass.
web/src/pages/cores/PeopleCore.tsx,222,consumer/support,,A7 D1 D2 T4 U6,99,0,web/src/pages/cores/people.css,35,4,,Own written source and direct CSS imports only; shared descendants/styles are separate rows; blank is not a pass.
web/src/pages/cores/ProcessCore.tsx,17,consumer/support,,,6,0,,0,0,,Own written source and direct CSS imports only; shared descendants/styles are separate rows; blank is not a pass.
web/src/pages/cores/ProjectMemoryCore.tsx,0,consumer/support,,,0,0,,0,0,,Own written source and direct CSS imports only; shared descendants/styles are separate rows; blank is not a pass.
web/src/pages/cores/RuntimeDocsCore.tsx,29,consumer/support,,A7,29,0,,0,0,,Own written source and direct CSS imports only; shared descendants/styles are separate rows; blank is not a pass.
web/src/pages/cores/SettingsCore.tsx,195,consumer/support,A3 A6 C4 T3,A7 T4 U3,127,0,,0,0, | web/src/pages/cores/SettingsCore.tsx:813 | web/src/pages/cores/SettingsCore.tsx:580 | web/src/pages/cores/SettingsCore.tsx:1611 | web/src/pages/cores/SettingsCore.tsx:1618,Own written source and direct CSS imports only; shared descendants/styles are separate rows; blank is not a pass.
web/src/pages/cores/SetupCore.tsx,18,consumer/support,,A7,14,0,,0,0,,Own written source and direct CSS imports only; shared descendants/styles are separate rows; blank is not a pass.
web/src/pages/cores/TopologyMapView.tsx,67,consumer/support,,A7 D1 D2 T5,27,2,web/src/pages/cores/topologyMap.css,10,9,,Own written source and direct CSS imports only; shared descendants/styles are separate rows; blank is not a pass.
web/src/pages/cores/WorkbenchesHomeCore.tsx,21,consumer/support,T5 U1,,6,1,,0,0,web/src/pages/cores/WorkbenchesHomeCore.tsx:92,Own written source and direct CSS imports only; shared descendants/styles are separate rows; blank is not a pass.
web/src/pages/cores/connections/ConnectionsPane.tsx,111,consumer/support,,D1 D2,36,0,web/src/pages/cores/connections/connections.css,5,2,,Own written source and direct CSS imports only; shared descendants/styles are separate rows; blank is not a pass.
web/src/pages/cores/core-hooks.tsx,2,consumer/support,,,2,0,,0,0,,Own written source and direct CSS imports only; shared descendants/styles are separate rows; blank is not a pass.
web/src/pages/cores/core-layout.tsx,2,consumer/support,,,3,0,,0,0,,Own written source and direct CSS imports only; shared descendants/styles are separate rows; blank is not a pass.
web/src/pages/cores/dictation/Blocks.tsx,21,consumer/support,,A7,14,0,,0,0,,Own written source and direct CSS imports only; shared descendants/styles are separate rows; blank is not a pass.
web/src/pages/cores/dictation/DictationSections.tsx,20,consumer/support,,A7,14,0,,0,0,,Own written source and direct CSS imports only; shared descendants/styles are separate rows; blank is not a pass.
web/src/pages/cores/dictation/Journal.tsx,32,consumer/support,,A7 D1,13,0,web/src/pages/cores/dictation/journal.css,18,0,,Own written source and direct CSS imports only; shared descendants/styles are separate rows; blank is not a pass.
web/src/pages/cores/dictation/Knowledge.tsx,15,consumer/support,,A7,14,0,,0,0,,Own written source and direct CSS imports only; shared descendants/styles are separate rows; blank is not a pass.
web/src/pages/cores/dictation/Learned.tsx,11,consumer/support,,A7 D1 D2,5,0,web/src/pages/cores/dictation/learned.css,11,0,,Own written source and direct CSS imports only; shared descendants/styles are separate rows; blank is not a pass.
web/src/pages/cores/dictation/Memory.tsx,6,consumer/support,,A7,3,0,,0,0,,Own written source and direct CSS imports only; shared descendants/styles are separate rows; blank is not a pass.
web/src/pages/cores/dictation/Readiness.tsx,32,consumer/support,,A7 T4,23,0,,0,0,,Own written source and direct CSS imports only; shared descendants/styles are separate rows; blank is not a pass.
web/src/pages/cores/dictation/SpeakFace.tsx,121,consumer/support,,A7,28,0,,0,0,,Own written source and direct CSS imports only; shared descendants/styles are separate rows; blank is not a pass.
web/src/pages/cores/dictation/_parked/AimRow.tsx,6,parked,,,,,,0,0,,Own written source and direct CSS imports only; shared descendants/styles are separate rows; blank is not a pass.
web/src/pages/cores/dictation/_parked/InstrumentStrip.tsx,25,parked,,,,,,0,0,,Own written source and direct CSS imports only; shared descendants/styles are separate rows; blank is not a pass.
web/src/pages/cores/dictation/_parked/ResultPanel.tsx,18,parked,,,,,,0,0,,Own written source and direct CSS imports only; shared descendants/styles are separate rows; blank is not a pass.
web/src/pages/cores/dictation/_parked/UtteranceWell.tsx,11,parked,,A7,,,,0,0,,Own written source and direct CSS imports only; shared descendants/styles are separate rows; blank is not a pass.
web/src/pages/cores/frontDoor.tsx,33,consumer/support,,D1,15,0,web/src/pages/cores/frontDoor.css,8,0,,Own written source and direct CSS imports only; shared descendants/styles are separate rows; blank is not a pass.
web/src/pages/cores/history/AftercareGadgets.tsx,7,consumer/support,,,6,0,,0,0,,Own written source and direct CSS imports only; shared descendants/styles are separate rows; blank is not a pass.
web/src/pages/cores/history/ArtifactsLibrary.tsx,9,consumer/support,,,8,0,,0,0,,Own written source and direct CSS imports only; shared descendants/styles are separate rows; blank is not a pass.
web/src/pages/cores/history/CaptureSlab.tsx,4,consumer/support,,A7,2,0,,0,0,,Own written source and direct CSS imports only; shared descendants/styles are separate rows; blank is not a pass.
web/src/pages/cores/history/CatalogRail.tsx,23,consumer/support,T5 U1,,2,1,,0,0,web/src/pages/cores/history/CatalogRail.tsx:211,Own written source and direct CSS imports only; shared descendants/styles are separate rows; blank is not a pass.
web/src/pages/cores/history/DoorSection.tsx,12,consumer/support,C1 T4,,9,0,,0,0,web/src/pages/cores/history/DoorSection.tsx:114-129,Own written source and direct CSS imports only; shared descendants/styles are separate rows; blank is not a pass.
web/src/pages/cores/history/ImportSection.tsx,22,consumer/support,,A7 T5,12,1,,0,0,,Own written source and direct CSS imports only; shared descendants/styles are separate rows; blank is not a pass.
web/src/pages/cores/history/MeetingDetail.tsx,16,consumer/support,,,1,0,,0,0,,Own written source and direct CSS imports only; shared descendants/styles are separate rows; blank is not a pass.
web/src/pages/cores/history/MeetingHeader.tsx,13,consumer/support,,,3,0,,0,0,,Own written source and direct CSS imports only; shared descendants/styles are separate rows; blank is not a pass.
web/src/pages/cores/history/MeetingReview.tsx,91,consumer/support,,A7 T4,29,0,,0,0,,Own written source and direct CSS imports only; shared descendants/styles are separate rows; blank is not a pass.
web/src/pages/cores/history/MeetingsConfig.tsx,11,consumer/support,,,9,0,,0,0,,Own written source and direct CSS imports only; shared descendants/styles are separate rows; blank is not a pass.
web/src/pages/cores/history/NeedsYouTable.tsx,13,consumer/support,,,4,0,,0,0,,Own written source and direct CSS imports only; shared descendants/styles are separate rows; blank is not a pass.
web/src/pages/cores/history/SettledList.tsx,6,consumer/support,,,0,0,,0,0,,Own written source and direct CSS imports only; shared descendants/styles are separate rows; blank is not a pass.
web/src/pages/cores/history/StateTokenSpan.tsx,2,consumer/support,,,0,0,,0,0,,Own written source and direct CSS imports only; shared descendants/styles are separate rows; blank is not a pass.
web/src/pages/cores/history/TranscriptWell.tsx,7,consumer/support,,A7,2,0,,0,0,,Own written source and direct CSS imports only; shared descendants/styles are separate rows; blank is not a pass.
web/src/pages/cores/history/useMeetingData.tsx,12,consumer/support,,,4,0,,0,0,,Own written source and direct CSS imports only; shared descendants/styles are separate rows; blank is not a pass.
web/src/pages/cores/settingsBespoke.tsx,3,consumer/support,T5 U1,,2,1,,0,0,web/src/pages/cores/settingsBespoke.tsx:79,Own written source and direct CSS imports only; shared descendants/styles are separate rows; blank is not a pass.
web/src/pages/cores/settingsModels.tsx,1,consumer/support,,,0,0,,0,0,,Own written source and direct CSS imports only; shared descendants/styles are separate rows; blank is not a pass.
web/src/pages/cores/settingsPrefs.tsx,62,consumer/support,C2 T4 U6,A7 T4,22,0,,0,0, | web/src/pages/cores/settingsPrefs.tsx:57,Own written source and direct CSS imports only; shared descendants/styles are separate rows; blank is not a pass.
web/src/pages/cores/settingsTts.tsx,19,consumer/support,,A7,7,0,,0,0,,Own written source and direct CSS imports only; shared descendants/styles are separate rows; blank is not a pass.
web/src/pages/cores/settingsWallpaper.tsx,23,consumer/support,,A7,7,0,,0,0,,Own written source and direct CSS imports only; shared descendants/styles are separate rows; blank is not a pass.
web/src/pages/pageSupport.tsx,3,consumer/support,,,1,0,,0,0,,Own written source and direct CSS imports only; shared descendants/styles are separate rows; blank is not a pass.
web/src/routes.tsx,0,consumer/support,,,0,0,,0,0,,Own written source and direct CSS imports only; shared descendants/styles are separate rows; blank is not a pass.
web/src/runtime/RuntimeBus.tsx,1,consumer/support,,,0,0,,0,0,,Own written source and direct CSS imports only; shared descendants/styles are separate rows; blank is not a pass.
