merged-b941f2e1	case.p8.zone_create.second_unnamed	1440	pass	31s	load1=12.76	NOTE: predicate: all_of: protocol_status: POST /api/directories answered 201, wanted 201 (body sha256 d03d78e1c650) | protocol_reads: GET /api/directories answered 200 with one row {'name': 'New zone'}; GET /api/directories answered 200 with one row {'name': 'New zone 2'} | input_value: value is 'Ne
merged-b941f2e1	case.p8.zone_create.second_unnamed	393	pass	16s	load1=11.19	NOTE: predicate: all_of: protocol_status: POST /api/directories answered 201, wanted 201 (body sha256 12776bc47e6d) | protocol_reads: GET /api/directories answered 200 with one row {'name': 'New zone'}; GET /api/directories answered 200 with one row {'name': 'New zone 2'} | input_value: value is 'Ne
merged-b941f2e1	case.p8.zone_create.second_unnamed_floor	1440	pass	38s	load1=10.31	NOTE: predicate: all_of: protocol_status: POST /api/directories answered 201, wanted 201 (body sha256 b5eb94de837d) | protocol_reads: GET /api/directories answered 200 with one row {'name': 'New zone'}; GET /api/directories answered 200 with one row {'name': 'New zone 2'} | input_value: value is 'Ne
merged-b941f2e1	case.p8.zone_create.second_unnamed_floor	393	pass	22s	load1=9.89	NOTE: predicate: all_of: protocol_status: POST /api/directories answered 201, wanted 201 (body sha256 bf3028ddf091) | protocol_reads: GET /api/directories answered 200 with one row {'name': 'New zone'}; GET /api/directories answered 200 with one row {'name': 'New zone 2'} | input_value: value is 'Ne
merged-b941f2e1	case.p8.zone_rename.list	1440	pass	25s	load1=8.95	NOTE: predicate: all_of: readable_text: 'Platform' is readable in viewport {'width': 1440, 'height': 900} with rect {'x': 237, 'y': 280, 'w': 53, 'h': 24} | protocol_reads: GET /api/directories answered 200 with one row {'name': 'Platform'}
merged-b941f2e1	case.p8.zone_rename.list	393	pass	13s	load1=7.51	NOTE: predicate: all_of: readable_text: 'Platform' is readable in viewport {'width': 393, 'height': 852} with rect {'x': 77, 'y': 364, 'w': 53, 'h': 24} | protocol_reads: GET /api/directories answered 200 with one row {'name': 'Platform'}
merged-b941f2e1	case.p8.zone_rename.name_taken_list	1440	pass	25s	load1=6.73	NOTE: predicate: all_of: readable_text: 'NAME TAKEN' is readable in viewport {'width': 1440, 'height': 900} with rect {'x': 237, 'y': 322, 'w': 112, 'h': 18} | protocol_reads: GET /api/directories answered 200 with one row {'name': 'New zone'}
merged-b941f2e1	case.p8.zone_rename.name_taken_list	393	pass	14s	load1=7.01	NOTE: predicate: all_of: readable_text: 'NAME TAKEN' is readable in viewport {'width': 393, 'height': 852} with rect {'x': 77, 'y': 394, 'w': 112, 'h': 18} | protocol_reads: GET /api/directories answered 200 with one row {'name': 'New zone'}
merged-b941f2e1	case.p8.zone_rename.name_taken_floor	1440	pass	30s	load1=6.80	NOTE: predicate: all_of: readable_text: 'NAME TAKEN' is readable in viewport {'width': 1440, 'height': 900} with rect {'x': 1208, 'y': 167, 'w': 112, 'h': 18} | protocol_reads: GET /api/directories answered 200 with one row {'name': 'New zone'}
merged-b941f2e1	case.p8.zone_rename.name_taken_floor	393	pass	20s	load1=9.33	NOTE: predicate: all_of: readable_text: 'NAME TAKEN' is readable in viewport {'width': 393, 'height': 852} with rect {'x': 14, 'y': 315, 'w': 112, 'h': 18} | protocol_reads: GET /api/directories answered 200 with one row {'name': 'New zone'}
merged-b941f2e1	case.p8.zone_rename.f2_row	1440	pass	17s	load1=8.49	NOTE: predicate: all_of: input_value: value is 'Inbox', wanted 'Inbox' | hit_target: control owns all 9 hit points in viewport {'width': 1440, 'height': 900} with rect {'x': 237, 'y': 196, 'w': 389, 'h': 36}
merged-b941f2e1	case.p8.zone_rename.f2_row	393	pass	12s	load1=9.18	NOTE: predicate: all_of: input_value: value is 'Inbox', wanted 'Inbox' | hit_target: control owns all 9 hit points in viewport {'width': 393, 'height': 852} with rect {'x': 77, 'y': 220, 'w': 122, 'h': 36}
merged-b941f2e1	case.p8.chair.no_new_zone	1440	pass	8s	load1=8.96	NOTE: predicate: 'No matching tools or Desk items.' is readable in viewport {'width': 1440, 'height': 900} with rect {'x': 1031, 'y': 73, 'w': 382, 'h': 44}
merged-b941f2e1	case.p8.chair.no_new_zone	393	pass	8s	load1=8.24	NOTE: predicate: 'No matching tools or Desk items.' is readable in viewport {'width': 393, 'height': 852} with rect {'x': 15, 'y': 51, 'w': 363, 'h': 44}
merged-b941f2e1	case.p8.list_delete.gone	1440	pass	35s	load1=7.82	NOTE: predicate: all_of: protocol_reads: GET /api/decisions/decision_1f429cb05330 answered 404 | readable_text: 'Removal committed' is readable in viewport {'width': 1440, 'height': 900} with rect {'x': 651, 'y': 788, 'w': 138, 'h': 27}
merged-b941f2e1	case.p8.list_delete.gone	393	pass	22s	load1=8.13	NOTE: predicate: all_of: protocol_reads: GET /api/decisions/decision_3b87fd4104a3 answered 404 | readable_text: 'Removal committed' is readable in viewport {'width': 393, 'height': 852} with rect {'x': 127, 'y': 668, 'w': 138, 'h': 27}
merged-b941f2e1	case.p8.list_delete.long_list_393	1440	pass	33s	load1=9.11	NOTE: predicate: all_of: protocol_reads: GET /api/decisions/decision_607ba7a514c1 answered 404 | readable_text: 'Removal committed' is readable in viewport {'width': 1440, 'height': 900} with rect {'x': 651, 'y': 788, 'w': 138, 'h': 27}
merged-b941f2e1	case.p8.list_delete.long_list_393	393	pass	22s	load1=9.04	NOTE: predicate: all_of: protocol_reads: GET /api/decisions/decision_0e81defdc9d9 answered 404 | readable_text: 'Removal committed' is readable in viewport {'width': 393, 'height': 852} with rect {'x': 127, 'y': 668, 'w': 138, 'h': 27}
merged-b941f2e1	case.p8.chair.delete_withheld	1440	pass	20s	load1=10.36	NOTE: predicate: all_of: readable_text: 'Open the Floor or the list' is readable in viewport {'width': 1440, 'height': 900} with rect {'x': 1031, 'y': 96, 'w': 382, 'h': 26} | attr_equals: aria-disabled='true', wanted 'true' | protocol_reads: GET /api/decisions/decision_94b59b685a92 answered 200
merged-b941f2e1	case.p8.chair.delete_withheld	393	pass	15s	load1=9.04	NOTE: predicate: all_of: readable_text: 'Open the Floor or the list' is readable in viewport {'width': 393, 'height': 852} with rect {'x': 15, 'y': 74, 'w': 363, 'h': 26} | attr_equals: aria-disabled='true', wanted 'true' | protocol_reads: GET /api/decisions/decision_c10fec77b10b answered 200
merged-b941f2e1	case.p8.decision_heads.hidden	1440	pass	9s	load1=8.63	NOTE: predicate: all_of: readable_text: 'DECISION CONTEXT' is readable in viewport {'width': 1440, 'height': 900} with rect {'x': 1037, 'y': 117, 'w': 370, 'h': 94} | text_absent: 'CONSEQUENCES' absent at observe_at
merged-b941f2e1	case.p8.decision_heads.hidden	393	pass	8s	load1=8.04	NOTE: predicate: all_of: readable_text: 'DECISION CONTEXT' is readable in viewport {'width': 393, 'height': 852} with rect {'x': 15, 'y': 439, 'w': 363, 'h': 122} | text_absent: 'CONSEQUENCES' absent at observe_at
merged-b941f2e1	case.p8.zone_create.second_unnamed.op	op	pass	3s	load1=7.88	NOTE: predicate: all 3 facts hold: observe_at <root> holds; observe_at <root> holds; the trigger operation_id is absent
merged-b941f2e1	case.p8.zone_rename.list.op	op	pass	3s	load1=7.49	NOTE: predicate: all 3 facts hold: observe_at directory.id holds; observe_at directory.name holds; the trigger operation_id is absent
merged-b941f2e1	case.p8.zone_rename.name_taken_list.op	op	pass	3s	load1=7.49	NOTE: predicate: all 3 facts hold: the trigger error holds; the trigger existing_name holds; observe_at directory.name holds
merged-b941f2e1	case.p8.list_delete.gone.op	op	pass	3s	load1=7.13	NOTE: predicate: all 7 facts hold: observe_at <root> holds; op read #0 (decision.read) error holds; op read #1 (kernel.receipt.read) objects.0.receipt.operation_id holds; op read #1 (kernel.receipt.read) objects.0.operation.name holds; op read #1 (kernel.receipt.read) objects.0.receipt.state holds; 
merged-b941f2e1	case.p8.delete_twice.both_gone.op	op	pass	2s	load1=6.56	NOTE: predicate: all 10 facts hold: observe_at <root> holds; observe_at <root> holds; op read #0 (kernel.receipt.read) objects.0.receipt.operation_id holds; op read #0 (kernel.receipt.read) objects.0.receipt.state holds; op read #0 (kernel.receipt.read) objects.0.receipt.actor_kind holds; op read #0
merged-a6c94db2	case.p8.delete_then_leave.gone	1440	pass	26s	load1=9.92	NOTE: predicate: all_of: protocol_status: DELETE /api/decisions/decision_e894c5d45d4d answered 200, wanted 200 (body sha256 3013bab9fa3a) | protocol_reads: GET /api/decisions/decision_e894c5d45d4d answered 404
merged-a6c94db2	case.p8.delete_then_leave.gone	393	pass	17s	load1=8.35	NOTE: predicate: all_of: protocol_status: DELETE /api/decisions/decision_73f918712383 answered 200, wanted 200 (body sha256 2df874e7227a) | protocol_reads: GET /api/decisions/decision_73f918712383 answered 404
merged-a6c94db2	case.p8.delete_twice.both_gone	1440	pass	41s	load1=8.33	NOTE: predicate: all_of: protocol_reads: GET /api/decisions/decision_a9fdd76399c9 answered 404; GET /api/decisions/decision_7da94f6aca48 answered 404 | readable_text: 'Removal committed' is readable in viewport {'width': 1440, 'height': 900} with rect {'x': 651, 'y': 748, 'w': 138, 'h': 27}
merged-a6c94db2	case.p8.delete_twice.both_gone	393	pass	27s	load1=8.77	NOTE: predicate: all_of: protocol_reads: GET /api/decisions/decision_08f632f8d2a5 answered 404; GET /api/decisions/decision_8bef25192033 answered 404 | readable_text: 'Removal committed' is readable in viewport {'width': 393, 'height': 852} with rect {'x': 127, 'y': 628, 'w': 138, 'h': 27}
merged-a6c94db2	case.p8.list_delete.undo	1440	pass	28s	load1=8.82	NOTE: predicate: all_of: protocol_reads: GET /api/decisions/decision_fd57a7cf80e8 answered 200 | readable_text: 'Restored Atlas list delete' is readable in viewport {'width': 1440, 'height': 900} with rect {'x': 621, 'y': 788, 'w': 198, 'h': 27}
merged-a6c94db2	case.p8.list_delete.undo	393	pass	14s	load1=10.36	NOTE: predicate: all_of: protocol_reads: GET /api/decisions/decision_e8d5160a3b7a answered 200 | readable_text: 'Restored Atlas list delete' is readable in viewport {'width': 393, 'height': 852} with rect {'x': 98, 'y': 668, 'w': 198, 'h': 27}
