file	case	width	verdict	seconds	load1	reading
atlas.json	case.j1.first_words_continue_later.idle	1440	pass	10	12.64	predicate: data-testid='arrival-headline', wanted 'arrival-headline'
atlas.json	case.j1.first_words_continue_later.idle	393	pass	10	12.64	predicate: data-testid='arrival-headline', wanted 'arrival-headline'
atlas.json	case.j1.first_words_continue_later.draft_custody	1440	fail	34	12.64	predicate: 'Save draft & continue' NOT in observe_at text
atlas.json	case.j1.first_words_continue_later.draft_custody	393	fail	36	11.91	predicate: 'Save draft & continue' NOT in observe_at text
atlas.json	case.j1.speech_readiness.ready	op	pass	3	11.91	predicate: /task_overrides/37/effective/status equals the declared value
atlas.json	case.j1.first_words_speak.kept	1440	blocked	4	12.08	BLOCKED: boundary substitution 'browser_audio_device' (label "chromium --use-fake-device-for-media-stream --use-file-for-fake-audio-capture=<fixture> (boundary substitution: this proves the capture-to-transcript path, NOT real microphone hardware) Input: tests/fixtures/core_path_smoke_16k.wav (sha25
atlas.json	case.j1.first_words_speak.kept	393	blocked	4	12.08	BLOCKED: boundary substitution 'browser_audio_device' (label "chromium --use-fake-device-for-media-stream --use-file-for-fake-audio-capture=<fixture> (boundary substitution: this proves the capture-to-transcript path, NOT real microphone hardware) Input: tests/fixtures/core_path_smoke_16k.wav (sha25
atlas.json	case.j1.first_words_keep_as_note.kept	1440	pass	10	13.27	predicate: 'Kept as a note.' in observe_at text
atlas.json	case.j1.first_words_keep_as_note.kept	393	pass	15	15.40	predicate: 'Kept as a note.' in observe_at text
atlas.json	case.j1.first_words_speak.permission_denied	1440	blocked	4	15.85	BLOCKED: boundary substitution 'browser_permission' (label 'playwright browser context with permissions=[] so getUserMedia raises NotAllowedError (the refusal is minted at the browser, never by writing a backend receipt)') is not implemented; a label alone substitutes nothing. The implemented substi
atlas.json	case.j1.first_words_speak.permission_denied	393	blocked	5	16.34	BLOCKED: boundary substitution 'browser_permission' (label 'playwright browser context with permissions=[] so getUserMedia raises NotAllowedError (the refusal is minted at the browser, never by writing a backend receipt)') is not implemented; a label alone substitutes nothing. The implemented substi
atlas.json	case.j1.first_words_speak.unreachable_hub	1440	blocked	5	17.35	BLOCKED: boundary substitution 'transport_failure' (label 'playwright route interception aborting the dictation request only; production parsing, rendering and persistence stay real') is not implemented; a label alone substitutes nothing. The implemented substitutions are 'engine_reply', 'http_fault
atlas.json	case.j1.first_words_speak.unreachable_hub	393	blocked	4	17.35	BLOCKED: boundary substitution 'transport_failure' (label 'playwright route interception aborting the dictation request only; production parsing, rendering and persistence stay real') is not implemented; a label alone substitutes nothing. The implemented substitutions are 'engine_reply', 'http_fault
atlas.json	case.j1.first_words_speak.mic_unsupported	1440	blocked	4	17.35	BLOCKED: boundary substitution 'browser_capability' (label 'an init script deleting mediaDevices before the page loads (browser-owned capability, substituted at the browser boundary)') is not implemented; a label alone substitutes nothing. The implemented substitutions are 'engine_reply', 'http_faul
atlas.json	case.j1.first_words_speak.mic_unsupported	393	blocked	5	19.57	BLOCKED: boundary substitution 'browser_capability' (label 'an init script deleting mediaDevices before the page loads (browser-owned capability, substituted at the browser boundary)') is not implemented; a label alone substitutes nothing. The implemented substitutions are 'engine_reply', 'http_faul
atlas.json	case.j2.arrival_load.engines_both_missing	1440	fail	41	19.57	predicate: 'No engine yet' NOT in observe_at text
atlas.json	case.j2.arrival_load.engines_both_missing	393	fail	41	19.57	predicate: 'No engine yet' NOT in observe_at text
atlas.json	case.j2.arrival_load.summary_missing_only	1440	blocked	13	20.00	BLOCKED: POST /api/inference/assignments/set answered 400: {"code":"inference_assignment_invalid","message":"Assignment request has an invalid shape"}
atlas.json	case.j2.arrival_load.summary_missing_only	393	blocked	12	20.16	BLOCKED: POST /api/inference/assignments/set answered 400: {"code":"inference_assignment_invalid","message":"Assignment request has an invalid shape"}
atlas.json	case.j2.arrival_load.read_unknown	1440	blocked	7	20.50	BLOCKED: boundary substitution 'route_failure' (label 'playwright route interception failing that one read; every other read stays real') is not implemented; a label alone substitutes nothing. The implemented substitutions are 'engine_reply', 'http_fault' and 'http_fault_lift'.
atlas.json	case.j2.arrival_load.read_unknown	393	blocked	7	19.17	BLOCKED: boundary substitution 'route_failure' (label 'playwright route interception failing that one read; every other read stays real') is not implemented; a label alone substitutes nothing. The implemented substitutions are 'engine_reply', 'http_fault' and 'http_fault_lift'.
atlas.json	case.j2.arrival_load.read_pending	1440	blocked	6	19.48	BLOCKED: boundary substitution 'route_failure' (label 'playwright route interception holding that one response open for the observation window') is not implemented; a label alone substitutes nothing. The implemented substitutions are 'engine_reply', 'http_fault' and 'http_fault_lift'.
atlas.json	case.j2.arrival_load.read_pending	393	blocked	6	19.48	BLOCKED: boundary substitution 'route_failure' (label 'playwright route interception holding that one response open for the observation window') is not implemented; a label alone substitutes nothing. The implemented substitutions are 'engine_reply', 'http_fault' and 'http_fault_lift'.
atlas.json	case.j3.concierge_add_engine.add_ready	1440	blocked	16	19.04	BLOCKED: ui step click on '[data-testid=concierge-add-engine]' failed: TimeoutError: Locator.click: Timeout 10000ms exceeded.
atlas.json	case.j3.concierge_add_engine.add_ready	393	blocked	18	17.92	BLOCKED: ui step click on '[data-testid=concierge-add-engine]' failed: TimeoutError: Locator.click: Timeout 10000ms exceeded.
atlas.json	case.j3.concierge_add_check.refused	1440	blocked	20	17.92	BLOCKED: ui step click on '[data-testid=concierge-add-engine]' failed: TimeoutError: Locator.click: Timeout 10000ms exceeded.
atlas.json	case.j3.concierge_add_check.refused	393	blocked	20	20.30	BLOCKED: ui step click on '[data-testid=concierge-add-engine]' failed: TimeoutError: Locator.click: Timeout 10000ms exceeded.
atlas.json	case.j3.concierge_check.engine_unreachable	1440	blocked	25	20.12	BLOCKED: ui step click on '[data-testid^=concierge-check-]' failed: TimeoutError: Locator.click: Timeout 10000ms exceeded.
atlas.json	case.j3.concierge_check.engine_unreachable	393	blocked	25	21.47	BLOCKED: ui step click on '[data-testid^=concierge-check-]' failed: TimeoutError: Locator.click: Timeout 10000ms exceeded.
atlas.json	case.j3.concierge_use_for_summaries.assigned_ready	1440	blocked	27	23.47	BLOCKED: precondition not met: {'kind': 'attr_equals', 'attr': 'data-testid', 'value': 'arrival-run-intel'} at '[data-testid=arrival-run-intel]' — BLOCKED: observe_at not present ('[data-testid=arrival-run-intel]'); no element carries 'data-testid'
atlas.json	case.j3.concierge_use_for_summaries.assigned_ready	393	blocked	22	28.82	BLOCKED: precondition not met: {'kind': 'attr_equals', 'attr': 'data-testid', 'value': 'arrival-run-intel'} at '[data-testid=arrival-run-intel]' — BLOCKED: observe_at not present ('[data-testid=arrival-run-intel]'); no element carries 'data-testid'
atlas.json	case.j3.speech_missing.row_stays	1440	blocked	17	28.82	BLOCKED: POST /api/inference/assignments/clear answered 400: {"code":"inference_assignment_invalid","message":"Clear request has an invalid shape"}
atlas.json	case.j3.speech_missing.row_stays	393	blocked	17	23.22	BLOCKED: POST /api/inference/assignments/clear answered 400: {"code":"inference_assignment_invalid","message":"Clear request has an invalid shape"}
atlas.json	case.j3.route_assignments_set.assigned_ready	op	fail	34	21.84	predicate: rows matching {'id': 'meeting.deferred_analysis', 'has_override': True} at /api/inference/assignments: before=0 after=0 (new=0; wanted >= 1)
atlas.json	case.j3.profile_delete.profile_missing	1440	blocked	22	20.65	BLOCKED: precondition not met: {'kind': 'attr_equals', 'attr': 'data-testid', 'value': 'arrival-run-intel'} at '[data-testid=arrival-run-intel]' — BLOCKED: observe_at not present ('[data-testid=arrival-run-intel]'); no element carries 'data-testid'
atlas.json	case.j3.profile_delete.profile_missing	393	blocked	22	19.08	BLOCKED: precondition not met: {'kind': 'attr_equals', 'attr': 'data-testid', 'value': 'arrival-run-intel'} at '[data-testid=arrival-run-intel]' — BLOCKED: observe_at not present ('[data-testid=arrival-run-intel]'); no element carries 'data-testid'
atlas.json	case.j3.profile_unbind.binding_absent	op	blocked	2	15.67	BLOCKED: headless mode refuses UI/face steps: no Page is opened
atlas.json	case.j4.record_start.capture_recording	1440	blocked	6	15.67	BLOCKED: boundary substitution 'browser_audio_device' (label 'Synthetic architect meeting at a browser audio boundary. This rig has no microphone recorder; block without substituting microphone ownership.') is not implemented; a label alone substitutes nothing. The implemented substitutions are 'eng
atlas.json	case.j4.record_start.capture_recording	393	blocked	6	14.74	BLOCKED: boundary substitution 'browser_audio_device' (label 'Synthetic architect meeting at a browser audio boundary. This rig has no microphone recorder; block without substituting microphone ownership.') is not implemented; a label alone substitutes nothing. The implemented substitutions are 'eng
atlas.json	case.j4.meeting_stop.capture_finalized	op	blocked	8	15.24	BLOCKED: precondition not met: {'kind': 'protocol_field', 'path': '/meeting_active', 'value': True} at 'protocol: GET /api/runtime/status' — /meeting_active = False, wanted True
atlas.json	case.j4.meetings_import.imported	op	pass	23	15.24	predicate: /meetings/0/id equals the declared value
atlas.json	case.j4.meeting_stop.transcription_absent	1440	blocked	14	14.66	BLOCKED: precondition not met: {'kind': 'protocol_field', 'path': '/meeting_active', 'value': True} at 'protocol: GET /api/runtime/status' — /meeting_active = False, wanted True
atlas.json	case.j4.meeting_stop.transcription_absent	393	blocked	14	14.66	BLOCKED: precondition not met: {'kind': 'protocol_field', 'path': '/meeting_active', 'value': True} at 'protocol: GET /api/runtime/status' — /meeting_active = False, wanted True
atlas.json	case.j5.meeting_open.route_disclosed	1440	pass	36	13.40	predicate: '192.168.1.43 · LAN' in observe_at text
atlas.json	case.j5.meeting_open.route_disclosed	393	pass	33	12.41	predicate: '192.168.1.43 · LAN' in observe_at text
atlas.json	case.j5.meeting_open.no_engine_no_verb	1440	pass	25	12.41	predicate: 'Run summary' absent at observe_at
atlas.json	case.j5.meeting_open.no_engine_no_verb	393	pass	18	9.90	predicate: 'Run summary' absent at observe_at
atlas.json	case.j6.run_summary.intel_queued	1440	pass	28	9.90	predicate: POST /api/meetings/51381aa6/intelligence/run answered 200, wanted 200 (body sha256 fe997e872eb9); response body contains the declared admission facts
atlas.json	case.j6.run_summary.intel_queued	393	pass	22	9.66	predicate: POST /api/meetings/c0c0e737/intelligence/run answered 200, wanted 200 (body sha256 b543e08abc38); response body contains the declared admission facts
atlas.json	case.j6.run_summary.intel_running	op	blocked	2	8.78	BLOCKED: headless mode refuses UI/face steps: no Page is opened
atlas.json	case.j6.run_summary.intel_ready	op	blocked	2	8.78	BLOCKED: headless mode refuses UI/face steps: no Page is opened
atlas.json	case.j6.run_summary.intel_failed	1440	blocked	0	8.48	NOTE: the case declares a provider replay at 'tests/fixtures/philo3_summary_failure_reply.json', but this run was requested with --engine 'none'; replay is installed only for an explicit replayed run
atlas.json	case.j6.run_summary.intel_failed	393	blocked	0	8.48	NOTE: the case declares a provider replay at 'tests/fixtures/philo3_summary_failure_reply.json', but this run was requested with --engine 'none'; replay is installed only for an explicit replayed run
atlas.json	case.j6.run_summary.intel_retry	op	blocked	0	8.48	NOTE: the case declares a provider replay at 'tests/fixtures/philo3_summary_failure_reply.json', but this run was requested with --engine 'none'; replay is installed only for an explicit replayed run
atlas.json	case.j6.route_intelligence_run.refusal	op	blocked	2	8.48	BLOCKED: headless mode refuses UI/face steps: no Page is opened
atlas.json	case.j7.hub_restart.intel_retained	op	blocked	2	8.48	BLOCKED: headless mode refuses UI/face steps: no Page is opened
atlas.json	case.j7.arrival_load.reload_persisted	1440	pass	42	8.04	predicate: observe_at text is 'The meeting covered three decisions: using SQ for the local ledger (Mayyachan to write migration plan by Friday), keeping summary retrieval on the local desk after a hub restart (Leo Martinez to test on Tuesday), and using recorded provider replies for isolated rig tes
atlas.json	case.j7.arrival_load.reload_persisted	393	pass	33	8.04	predicate: observe_at text is 'The Synthetic Architect Meeting concluded with three decisions: Mayyachan is tasked with writing the Migration Plan by Friday, Leo Martinez will test restart retrieval on Tuesday, and Priya Shah owns the decision regarding recorded provider replies for isolated rig tes
atlas.json	case.j8.hotkey_option_r.other_app_delivery	op	not_applicable	0	8.76	NOTE: NOT APPLICABLE: UNEXERCISED by the rig: the trigger is a native global hotkey and the result is delivery into another application. Missing mechanism: a native hotkey listener and a real keystroke sink, both excluded by brief section 7 (no native keystrokes, no owner microphone). The owner's si
atlas.json	case.j9.timer_sweep.receipt_resolved	op	pass	13	8.76	predicate: rows matching {'source_kind': 'pipeline_event', 'title__prefix': 'SWEEP'} at /api/desk/projections: before=0 after=1 (new=1; wanted >= 1)
atlas.json	case.j9.route_run_now.receipt_resolved	op	pass	3	7.60	predicate: rows matching {'source_kind': 'pipeline_event', 'detail_url': '/cadence'} at /api/desk/projections: before=0 after=1 (new=1; wanted >= 1)
atlas.json	case.j9.shade_open.door_present	1440	pass	9	7.60	predicate: 'SWEEP' in observe_at text
atlas.json	case.j9.shade_open.door_present	393	pass	9	6.90	predicate: 'SWEEP' in observe_at text
atlas.json	case.j9.shade_receipt_open.rhythm_face	1440	pass	10	6.42	predicate: windows after: ['Rhythm']
atlas.json	case.j9.shade_receipt_open.rhythm_face	393	pass	10	6.23	predicate: windows after: ['Rhythm']
atlas.json	case.j9.shade_open.door_absent	1440	blocked	6	6.23	BLOCKED: boundary substitution 'remote_origin_call' (label "a remote-origin call into the hub's own API from the run's harness, recorded as such; the event is produced by the real pipeline observer, not written by hand") is not implemented; a label alone substitutes nothing. The implemented substitu
atlas.json	case.j9.shade_open.door_absent	393	blocked	6	6.05	BLOCKED: boundary substitution 'remote_origin_call' (label "a remote-origin call into the hub's own API from the run's harness, recorded as such; the event is produced by the real pipeline observer, not written by hand") is not implemented; a label alone substitutes nothing. The implemented substitu
atlas.json	case.j9.shade_open.door_stale	1440	blocked	41	6.05	BLOCKED: precondition not met: {'kind': 'attr_equals', 'attr': 'data-testid', 'value': 'arrival-run-intel'} at '[data-testid=arrival-run-intel]' — BLOCKED: observe_at not present ('[data-testid=arrival-run-intel]'); no element carries 'data-testid'
atlas.json	case.j9.shade_open.door_stale	393	blocked	47	5.89	BLOCKED: precondition not met: {'kind': 'attr_equals', 'attr': 'data-testid', 'value': 'arrival-run-intel'} at '[data-testid=arrival-run-intel]' — BLOCKED: observe_at not present ('[data-testid=arrival-run-intel]'); no element carries 'data-testid'
atlas.json	case.j9.shade_acknowledge.acknowledged	1440	blocked	6	5.89	BLOCKED: the recorded provider reply is NOT installed in the hub process. Declare `reply` on the boundary step so the hub is booted with it (the seam is a module attribute inside the hub's own process; a parent-process patch cannot reach it).
atlas.json	case.j9.shade_acknowledge.acknowledged	393	blocked	5	5.98	BLOCKED: the recorded provider reply is NOT installed in the hub process. Declare `reply` on the boundary step so the hub is booted with it (the seam is a module attribute inside the hub's own process; a parent-process patch cannot reach it).
atlas.json	case.j9.shade_dismiss.dismissed	1440	blocked	6	5.66	BLOCKED: the recorded provider reply is NOT installed in the hub process. Declare `reply` on the boundary step so the hub is booted with it (the seam is a module attribute inside the hub's own process; a parent-process patch cannot reach it).
atlas.json	case.j9.shade_dismiss.dismissed	393	blocked	6	5.36	BLOCKED: the recorded provider reply is NOT installed in the hub process. Declare `reply` on the boundary step so the hub is booted with it (the seam is a module attribute inside the hub's own process; a parent-process patch cannot reach it).
atlas.json	case.j9.route_presentation_restore.restored	op	blocked	2	5.17	BLOCKED: headless mode refuses UI/face steps: no Page is opened
atlas.json	case.j10.brief_latest.absent	1440	pass	9	5.16	predicate: 'No brief yet' in observe_at text
atlas.json	case.j10.brief_latest.absent	393	pass	9	5.44	predicate: 'No brief yet' in observe_at text
atlas.json	case.j10.arrival_generate_brief.populated	1440	pass	11	5.44	predicate: 'Review decision: Graph walk brief material J10' in observe_at text
atlas.json	case.j10.arrival_generate_brief.populated	393	pass	11	5.30	predicate: 'Review decision: Graph walk brief material J10' in observe_at text
atlas.json	case.j10.arrival_generate_brief.generated_empty	1440	pass	10	5.30	predicate: 'No changes' in observe_at text
atlas.json	case.j10.arrival_generate_brief.generated_empty	393	pass	9	5.20	predicate: 'No changes' in observe_at text
atlas.json	case.j10.arrival_reload.reload_persisted	1440	pass	13	5.50	predicate: 'No changes' in observe_at text
atlas.json	case.j10.arrival_reload.reload_persisted	393	pass	13	5.50	predicate: 'No changes' in observe_at text
atlas.json	case.j10.arrival_generate_again.same_day_idempotent	1440	pass	191	5.50	predicate: unchanged result; the returned identity 'No changes' (headline='No changes') IS the one displayed at '[data-testid=arrival-brief-headline]' (response chosen by the declared trigger_route POST /api/brief/generate)
atlas.json	case.j10.arrival_generate_again.same_day_idempotent	393	pass	191	6.10	predicate: unchanged result; the returned identity 'No changes' (headline='No changes') IS the one displayed at '[data-testid=arrival-brief-headline]' (response chosen by the declared trigger_route POST /api/brief/generate)
atlas.json	case.j10.route_generate_again.same_day_same_id	op	blocked	2	6.10	BLOCKED: headless mode refuses UI/face steps: no Page is opened
atlas.json	case.j10.arrival_generate_again.retained_after_reload	1440	pass	13	6.10	predicate: 'No changes' in observe_at text
atlas.json	case.j10.arrival_generate_again.retained_after_reload	393	pass	12	6.36	predicate: 'No changes' in observe_at text
atlas.json	case.j10.route_generate_again.retained_after_reload	1440	pass	11	5.85	predicate: /id equals the declared value
atlas.json	case.j10.route_generate_again.retained_after_reload	393	pass	12	5.25	predicate: /id equals the declared value
atlas.json	case.j10.arrival_generate_again.next_day	1440	pass	10	5.20	predicate: 'Review decision: Graph walk next-day decision J10' in observe_at text
atlas.json	case.j10.arrival_generate_again.next_day	393	pass	10	5.79	predicate: 'Review decision: Graph walk next-day decision J10' in observe_at text
atlas.json	case.j10.route_brief_generate.load_failure	1440	pass	10	5.72	predicate: 'BRIEF DID NOT GENERATE · HTTP 500' in observe_at text
atlas.json	case.j10.route_brief_generate.load_failure	393	pass	9	5.55	predicate: 'BRIEF DID NOT GENERATE · HTTP 500' in observe_at text
atlas.json	case.j10.brief_item_shelf.acknowledged	op	blocked	2	5.08	BLOCKED: headless mode refuses UI/face steps: no Page is opened
atlas.json	case.j10.brief_item_shelf.deferred	op	blocked	2	4.91	BLOCKED: headless mode refuses UI/face steps: no Page is opened
atlas.json	case.j10.brief_people.unavailable	op	blocked	2	4.91	BLOCKED: headless mode refuses UI/face steps: no Page is opened
atlas.json	case.j11.write_a_thought.window_open	1440	pass	9	4.91	predicate: windows after: ['Thought']
atlas.json	case.j11.write_a_thought.window_open	393	pass	10	4.90	predicate: windows after: ['Thought']
atlas.json	case.j11.thought_keep.kept	1440	pass	11	4.70	predicate: rows matching {'body_markdown__prefix': 'Graph walk J11 kept words'} at /api/notes: before=0 after=1 (new=1; wanted >= 1)
atlas.json	case.j11.thought_keep.kept	393	pass	12	4.82	predicate: rows matching {'body_markdown__prefix': 'Graph walk J11 kept words'} at /api/notes: before=0 after=1 (new=1; wanted >= 1)
atlas.json	case.j11.write_a_thought.create_refused	1440	blocked	6	4.71	BLOCKED: boundary substitution 'route_failure' (label 'playwright route interception failing that one write; every other read stays real') is not implemented; a label alone substitutes nothing. The implemented substitutions are 'engine_reply', 'http_fault' and 'http_fault_lift'.
atlas.json	case.j11.write_a_thought.create_refused	393	blocked	6	4.65	BLOCKED: boundary substitution 'route_failure' (label 'playwright route interception failing that one write; every other read stays real') is not implemented; a label alone substitutes nothing. The implemented substitutions are 'engine_reply', 'http_fault' and 'http_fault_lift'.
atlas.json	case.beyond.capture_recover.recovered	op	blocked	2	4.52	BLOCKED: unresolved placeholder(s) ['meeting_id'] in the api step; nothing was sent. A `{name}` is filled by an earlier step's `capture_as`, never sent literally.
atlas.json	case.beyond.sweep_held_remote.receipt_resolved	op	pass	13	4.52	predicate: rows matching {'source_kind': 'pipeline_event', 'summary__prefix': '{"outcome": "held_remote_runs_on"'} at /api/desk/projections: before=0 after=1 (new=1; wanted >= 1)
atlas.json	case.beyond.first_words_reload.retained_draft	1440	pass	8	4.10	predicate: 'one sentence' in the field value 'one sentence'
atlas.json	case.beyond.first_words_reload.retained_draft	393	pass	8	5.42	predicate: 'one sentence' in the field value 'one sentence'
atlas.json	case.j6.route_intelligence_run.no_assignment	op	blocked	2	5.63	BLOCKED: headless mode refuses UI/face steps: no Page is opened
atlas.json	case.j10.brief_item_shelf.refused	op	blocked	2	5.63	BLOCKED: headless mode refuses UI/face steps: no Page is opened
atlas.json	case.beyond.sweep_held_remote.no_local_sweep	op	pass	3	5.58	predicate: last_sweep_at equals the declared value
atlas.json	case.beyond.projections_counts.needs_attention	op	pass	3	5.58	predicate: counts.needs_attention equals the declared value
atlas.json	case.beyond.projections_counts.unseen	op	pass	3	5.58	predicate: counts.unseen equals the declared value
atlas.json	case.beyond.projections_counts.acknowledged	op	pass	3	5.58	predicate: counts.acknowledged equals the declared value
atlas.json	case.j4.record_only.no_speech_head	1440	blocked	6	5.85	BLOCKED: boundary substitution 'browser_audio_device' (label 'Synthetic architect meeting at a browser audio boundary. This rig has no microphone recorder; block without substituting microphone ownership.') is not implemented; a label alone substitutes nothing. The implemented substitutions are 'eng
atlas.json	case.j4.record_only.no_speech_head	393	blocked	6	5.85	BLOCKED: boundary substitution 'browser_audio_device' (label 'Synthetic architect meeting at a browser audio boundary. This rig has no microphone recorder; block without substituting microphone ownership.') is not implemented; a label alone substitutes nothing. The implemented substitutions are 'eng
atlas.json	case.j6.run_summary.summary_text	1440	pass	34	5.85	predicate: observe_at text is present
atlas.json	case.j6.run_summary.summary_text	393	pass	37	6.18	predicate: observe_at text is present
atlas.json	case.j6.run_summary.host_named	op	blocked	2	6.18	BLOCKED: headless mode refuses UI/face steps: no Page is opened
atlas.json	case.j5.meeting_open.planned_host_disclosed	1440	pass	28	6.18	predicate: '192.168.1.43 · LAN' in observe_at text
atlas.json	case.j5.meeting_open.planned_host_disclosed	393	pass	28	5.99	predicate: '192.168.1.43 · LAN' in observe_at text
atlas.json	case.j6.run_summary.retrying	1440	blocked	0	5.99	NOTE: the case declares a provider replay at 'tests/fixtures/philo3_summary_failure_reply.json', but this run was requested with --engine 'none'; replay is installed only for an explicit replayed run
atlas.json	case.j6.run_summary.retrying	393	blocked	0	5.99	NOTE: the case declares a provider replay at 'tests/fixtures/philo3_summary_failure_reply.json', but this run was requested with --engine 'none'; replay is installed only for an explicit replayed run
atlas.json	case.j6.route_intelligence_run.refusal.op	op	pass	3	5.99	predicate: operation refused by name 'empty': Meeting has no transcript
atlas.json	case.j6.route_intelligence_run.no_assignment.op	op	pass	17	6.31	predicate: operation refused by name 'route_unavailable': The summary route is not available.
atlas.json	case.j10.arrival_generate_again.same_day_idempotent.op	op	pass	3	6.31	predicate: id equals the declared value
atlas.json	case.j10.route_generate_again.same_day_same_id.op	op	pass	3	6.77	predicate: id equals the declared value
atlas.json	case.j10.brief_item_shelf.acknowledged.op	op	pass	3	6.77	predicate: /brief-item-bb594f0191fb496998b83432a577df0b equals the declared value
atlas.json	case.j10.brief_item_shelf.deferred.op	op	pass	3	6.71	predicate: /brief-item-62c87be0752842e28b9ec263abba6d4e equals the declared value
atlas.json	case.j10.brief_item_shelf.refused.op	op	fail	34	6.49	predicate: refusal error 'Unknown shelf state: shelved' does not contain ["not one of ['acknowledged', 'deferred', None]"]
atlas.json	case.philo603.toast.arrival	1440	blocked	0	6.49	NOTE: the case declares a provider replay at 'tests/fixtures/philo5_summary_reply.json', but this run was requested with --engine 'none'; replay is installed only for an explicit replayed run
atlas.json	case.philo603.toast.arrival	393	blocked	0	6.49	NOTE: the case declares a provider replay at 'tests/fixtures/philo5_summary_reply.json', but this run was requested with --engine 'none'; replay is installed only for an explicit replayed run
atlas.json	case.philo603.toast.meetings_window	1440	blocked	0	6.49	NOTE: the case declares a provider replay at 'tests/fixtures/philo5_summary_reply.json', but this run was requested with --engine 'none'; replay is installed only for an explicit replayed run
atlas.json	case.philo603.toast.meetings_window	393	blocked	0	6.49	NOTE: the case declares a provider replay at 'tests/fixtures/philo5_summary_reply.json', but this run was requested with --engine 'none'; replay is installed only for an explicit replayed run
atlas.json	case.philo603.toast.floor_list	1440	blocked	0	6.49	NOTE: the case declares a provider replay at 'tests/fixtures/philo5_summary_reply.json', but this run was requested with --engine 'none'; replay is installed only for an explicit replayed run
atlas.json	case.philo603.toast.floor_list	393	blocked	0	6.49	NOTE: the case declares a provider replay at 'tests/fixtures/philo5_summary_reply.json', but this run was requested with --engine 'none'; replay is installed only for an explicit replayed run
atlas.json	case.philo603.toast.floor_spatial_fallback	1440	blocked	0	6.49	NOTE: the case declares a provider replay at 'tests/fixtures/philo5_summary_reply.json', but this run was requested with --engine 'none'; replay is installed only for an explicit replayed run
atlas.json	case.philo603.toast.floor_spatial_fallback	393	blocked	0	8.61	NOTE: the case declares a provider replay at 'tests/fixtures/philo5_summary_reply.json', but this run was requested with --engine 'none'; replay is installed only for an explicit replayed run
atlas-phase3.json	case.a1.decision_face_create.opens_and_reopens	1440	pass	14	8.61	predicate: POST /api/decisions answered 400, wanted 400 (body sha256 fc1d05436a95); response body contains the declared admission facts
atlas-phase3.json	case.a1.decision_face_create.opens_and_reopens	393	pass	14	8.16	predicate: POST /api/decisions answered 400, wanted 400 (body sha256 33ade94dd850); response body contains the declared admission facts
atlas-phase3.json	case.a1.decision_face_create.failure_named	1440	pass	11	8.07	predicate: POST /api/decisions answered 201, wanted 201 (body sha256 8edd3b552ca4); response body contains the declared admission facts
atlas-phase3.json	case.a1.decision_face_create.failure_named	393	pass	11	7.90	predicate: POST /api/decisions answered 201, wanted 201 (body sha256 17a4d7887f22); response body contains the declared admission facts
atlas-phase3.json	case.a1.decisions_read.failure_named	1440	pass	11	7.51	predicate: 'READ DECISIONS FAILED' absent at observe_at
atlas-phase3.json	case.a1.decisions_read.failure_named	393	pass	12	7.51	predicate: 'READ DECISIONS FAILED' absent at observe_at
atlas-phase3.json	case.j11.thought_keep.receipt_time	1440	pass	12	7.31	predicate: 'KEPT ·' in observe_at text
atlas-phase3.json	case.j11.thought_keep.receipt_time	393	pass	13	7.69	predicate: 'KEPT ·' in observe_at text
atlas-phase3.json	case.a3.brief_next_day.decision_on_the_face	1440	pass	11	7.79	predicate: 'Review decision: Graph walk next-day decision A3' in observe_at text
atlas-phase3.json	case.a3.brief_next_day.decision_on_the_face	393	pass	10	7.79	predicate: 'Review decision: Graph walk next-day decision A3' in observe_at text
atlas-phase3.json	case.a3.brief_next_day.new_id_with_the_decision	1440	pass	10	8.29	predicate: POST /api/brief/generate answered 200, wanted 200 (body sha256 a363bcf91a0f); 'brief-f2ff311a5aa341f59839239bd16407c6' not in the response body; response body contains the declared admission facts
atlas-phase3.json	case.a3.brief_next_day.new_id_with_the_decision	393	pass	10	7.86	predicate: POST /api/brief/generate answered 200, wanted 200 (body sha256 0e8d135a5273); 'brief-b34f6c41aa7b465aad9b83d6419d2955' not in the response body; response body contains the declared admission facts
atlas-phase3.json	case.a3.brief_load_failure.named_with_retry	1440	pass	10	7.86	predicate: 'No brief yet' in observe_at text
atlas-phase3.json	case.a3.brief_load_failure.named_with_retry	393	pass	11	7.71	predicate: 'No brief yet' in observe_at text
atlas-phase3.json	case.closure.chain.s1_import_complete	1440	pass	21	7.66	predicate: /meetings/0/id equals the declared value
atlas-phase3.json	case.closure.chain.s1_import_complete	393	pass	21	7.66	predicate: /meetings/0/id equals the declared value
atlas-phase3.json	case.closure.chain.s2_summary_with_host	1440	pass	29	7.62	predicate: '192.168.1.43' in observe_at text
atlas-phase3.json	case.closure.chain.s2_summary_with_host	393	pass	29	6.83	predicate: '192.168.1.43' in observe_at text
atlas-phase3.json	case.closure.chain.s3_same_summary_after_restart	1440	pass	39	6.68	predicate: observe_at text is 'The meeting covered three decisions: using SQ for the local ledger (Mayyachan to write migration plan by Friday), keeping summary retrieval on the local desk after a hub restart (Leo Martinez to test on Tuesday), and using a recorded provider reply for isolated rig tes
atlas-phase3.json	case.closure.chain.s3_same_summary_after_restart	393	pass	34	6.49	predicate: observe_at text is 'The Synthetic Architect Meeting established three decisions: using SQ for the local ledger with Mayyachan writing a migration plan by Friday; keeping summary retrieval on the local desk after hub restarts, with Leo Martinez testing this on Tuesday; and using recorded p
atlas-phase3.json	case.closure.chain.s4_decision_recorded	1440	pass	40	6.91	predicate: /decisions/0/title equals the declared value
atlas-phase3.json	case.closure.chain.s4_decision_recorded	393	pass	39	6.31	predicate: /decisions/0/title equals the declared value
atlas-phase3.json	case.philo404.arrival_triaged_headline.all_handled	1440	pass	11	6.33	predicate: 'ALL 2 HANDLED' is readable in viewport {'width': 1440, 'height': 900} with rect {'x': 256, 'y': 364, 'w': 928, 'h': 18}
atlas-phase3.json	case.philo404.arrival_triaged_headline.all_handled	393	pass	11	5.70	predicate: 'ALL 2 HANDLED' is readable in viewport {'width': 393, 'height': 852} with rect {'x': 12, 'y': 371, 'w': 369, 'h': 18}
atlas-phase3.json	case.closure.chain.s5_next_day_brief_has_it	1440	pass	37	5.72	predicate: 'Review decision: Keep summary retrieval on the local desk' is readable in viewport {'width': 1440, 'height': 900} with rect {'x': 256, 'y': 359, 'w': 928, 'h': 44}
atlas-phase3.json	case.closure.chain.s5_next_day_brief_has_it	393	pass	38	6.22	predicate: 'Review decision: Keep summary retrieval on the local desk' is readable in viewport {'width': 393, 'height': 852} with rect {'x': 12, 'y': 109, 'w': 369, 'h': 114}
atlas-phase3.json	case.closure.chain.s5_next_day_brief_after_triage	1440	pass	40	6.44	predicate: 'Review decision: Keep summary retrieval on the local desk' in observe_at text
atlas-phase3.json	case.closure.chain.s5_next_day_brief_after_triage	393	pass	39	6.03	predicate: 'Review decision: Keep summary retrieval on the local desk' in observe_at text
atlas-phase3.json	case.closure.chain.s5_next_day_brief_more_opened	1440	blocked	50	6.11	BLOCKED: ui step wait_for on '[data-testid=arrival-brief-more]' failed: TimeoutError: Locator.wait_for: Timeout 10000ms exceeded.
atlas-phase3.json	case.closure.chain.s5_next_day_brief_more_opened	393	pass	38	5.87	predicate: 'Keep summary retrieval on the local desk' in observe_at text
atlas-phase3.json	case.closure.chain.s5_next_day_brief_with_breakage	1440	pass	37	6.13	predicate: 'Review decision: Keep summary retrieval on the local desk' is readable in viewport {'width': 1440, 'height': 900} with rect {'x': 256, 'y': 404, 'w': 928, 'h': 44}
atlas-phase3.json	case.closure.chain.s5_next_day_brief_with_breakage	393	pass	40	6.13	predicate: 'Review decision: Keep summary retrieval on the local desk' is readable in viewport {'width': 393, 'height': 852} with rect {'x': 12, 'y': 356, 'w': 369, 'h': 114}
atlas-phase3.json	case.closure.chain.s1_import_complete.op	op	pass	12	6.13	predicate: transcription_status equals the declared value
atlas-phase3.json	case.closure.chain.s2_summary_with_host.op	op	pass	19	5.72	predicate: intel.summary is non-empty
atlas-phase3.json	case.closure.chain.s3_same_summary_after_restart.op	op	pass	20	5.42	predicate: intel.summary is non-empty
atlas-phase3.json	case.closure.chain.s4_decision_recorded.op	op	pass	22	5.20	predicate: title equals the declared value
atlas-phase3.json	case.a1.decision_face_create.opens_and_reopens.op	op	pass	3	4.94	predicate: operation refused by name 'mcp_refused': invalid decision status: bogus
atlas-phase3.json	case.a3.brief_next_day.decision_on_the_face.op	op	pass	3	4.94	predicate: sections.decisions is non-empty
atlas-phase3.json	case.a3.brief_next_day.new_id_with_the_decision.op	op	pass	3	4.87	predicate: sections.decisions is non-empty
atlas-phase3.json	case.closure.chain.s5_next_day_brief_has_it.op	op	pass	22	4.87	predicate: sections.decisions is non-empty
atlas-phase3.json	case.closure.chain.s5_next_day_brief_with_breakage.op	op	pass	27	4.87	predicate: sections.decisions is non-empty
atlas-phase3.json	case.philo404.arrival_triaged_headline.all_handled.op	op	pass	3	4.73	predicate: /brief-item-9d79178e5a4b4df2b4a4054c4c5bffee equals the declared value
atlas-phase3.json	case.j11.thought_keep.receipt_time.op	op	pass	3	4.59	predicate: thought.working_note.body_markdown equals the declared value
atlas-phase3.json	case.closure.chain.s2_summary_with_host.op.replayed	op	blocked	0	4.59	NOTE: the case declares a provider replay at 'tests/fixtures/philo5_summary_reply.json', but this run was requested with --engine 'none'; replay is installed only for an explicit replayed run
atlas-phase3.json	case.closure.chain.s3_same_summary_after_restart.op.replayed	op	blocked	0	4.59	NOTE: the case declares a provider replay at 'tests/fixtures/philo5_summary_reply.json', but this run was requested with --engine 'none'; replay is installed only for an explicit replayed run
atlas-phase3.json	case.closure.chain.s2_summary_with_host.replayed	1440	blocked	0	4.59	NOTE: the case declares a provider replay at 'tests/fixtures/philo5_summary_reply.json', but this run was requested with --engine 'none'; replay is installed only for an explicit replayed run
atlas-phase3.json	case.closure.chain.s2_summary_with_host.replayed	393	blocked	0	4.59	NOTE: the case declares a provider replay at 'tests/fixtures/philo5_summary_reply.json', but this run was requested with --engine 'none'; replay is installed only for an explicit replayed run
atlas-phase3.json	case.closure.chain.s3_same_summary_after_restart.replayed	1440	blocked	0	4.59	NOTE: the case declares a provider replay at 'tests/fixtures/philo5_summary_reply.json', but this run was requested with --engine 'none'; replay is installed only for an explicit replayed run
atlas-phase3.json	case.closure.chain.s3_same_summary_after_restart.replayed	393	blocked	0	4.59	NOTE: the case declares a provider replay at 'tests/fixtures/philo5_summary_reply.json', but this run was requested with --engine 'none'; replay is installed only for an explicit replayed run
atlas-phase3.json	case.closure.chain.s4_saved_content	1440	pass	36	4.59	predicate: 'Keep summary retrieval on the local desk' is readable in viewport {'width': 1440, 'height': 900} with rect {'x': 1037, 'y': 219, 'w': 370, 'h': 82}
atlas-phase3.json	case.closure.chain.s4_saved_content	393	pass	36	4.46	predicate: 'Keep summary retrieval on the local desk' is readable in viewport {'width': 393, 'height': 852} with rect {'x': 15, 'y': 479, 'w': 363, 'h': 82}
atlas-phase3.json	case.philo504.decision_missing.refusal	1440	pass	10	4.50	predicate: GET /api/decisions/philo504-deliberately-absent answered 404, wanted 404 (body sha256 e96c1febd835); response body contains the declared admission facts
atlas-phase3.json	case.philo504.decision_missing.refusal	393	pass	9	4.57	predicate: GET /api/decisions/philo504-deliberately-absent answered 404, wanted 404 (body sha256 e96c1febd835); response body contains the declared admission facts
atlas-phase3.json	case.philo504.decision_missing.refusal.op	op	pass	3	4.18	predicate: operation refused by name 'not_found': Unknown decision: philo504-deliberately-absent
atlas-phase3.json	case.philo601.import_failed.badge	1440	pass	9	4.24	predicate: 'IMPORT' is readable in viewport {'width': 1440, 'height': 900} with rect {'x': 306, 'y': 450, 'w': 48, 'h': 16}
atlas-phase3.json	case.philo601.import_failed.badge	393	pass	9	4.24	predicate: 'IMPORT' is readable in viewport {'width': 393, 'height': 852} with rect {'x': 22, 'y': 361, 'w': 48, 'h': 16}
atlas-phase3.json	case.philo602.brief_more.destination	1440	pass	10	4.30	predicate: 'Service.' absent at observe_at
atlas-phase3.json	case.philo602.brief_more.destination	393	pass	9	4.12	predicate: 'Service.' absent at observe_at
