file	case	width	verdict	seconds	load1	reading	run_dir
atlas-phase10.json	case.p10.send.no_destination	1440	pass	10	3.19	predicate: all_of: readable_text: 'NO DESTINATION' is readable in viewport {'width': 1440, 'height': 900} with rect {'x': 39, 'y': 228, 'w': 770, 'h': 24} | readable_text: 'Add destination' is readable in viewport {'width': 1440, 'height': 900} with rect {'x': 39, 'y': 228, 'w': 770, 'h': 24} | prot	case.p10.send.no_destination--1440/20260929T213227Z-case.p10.send.no_destination-muaddib-1440
atlas-phase10.json	case.p10.send.no_destination	393	pass	9	3.19	predicate: all_of: readable_text: 'NO DESTINATION' is readable in viewport {'width': 393, 'height': 852} with rect {'x': 15, 'y': 274, 'w': 363, 'h': 52} | readable_text: 'Add destination' is readable in viewport {'width': 393, 'height': 852} with rect {'x': 15, 'y': 274, 'w': 363, 'h': 52} | protoc	case.p10.send.no_destination--393/20260929T213227Z-case.p10.send.no_destination-muaddib-393
atlas-phase10.json	case.p10.send.destinations_listed	1440	pass	10	3.19	predicate: all_of: readable_text: 'THIS DEVICE' is readable in viewport {'width': 1440, 'height': 900} with rect {'x': 39, 'y': 238, 'w': 770, 'h': 95} | readable_text: 'GITHUB.COM' is readable in viewport {'width': 1440, 'height': 900} with rect {'x': 39, 'y': 238, 'w': 770, 'h': 95} | readable_tex	case.p10.send.destinations_listed--1440/20260929T213227Z-case.p10.send.destinations_listed-muaddib-1440
atlas-phase10.json	case.p10.send.destinations_listed	393	pass	10	3.19	predicate: all_of: readable_text: 'THIS DEVICE' is readable in viewport {'width': 393, 'height': 852} with rect {'x': 15, 'y': 249, 'w': 363, 'h': 218} | readable_text: 'GITHUB.COM' is readable in viewport {'width': 393, 'height': 852} with rect {'x': 15, 'y': 249, 'w': 363, 'h': 218} | readable_tex	case.p10.send.destinations_listed--393/20260929T213227Z-case.p10.send.destinations_listed-muaddib-393
atlas-phase10.json	case.p10.send.destinations_listed.op	op	pass	3	3.39	predicate: all 7 facts hold: observe_at destinations holds; observe_at destinations holds; observe_at destinations holds; op read #0 (kernel.receipt.read) objects.0.operation.name holds; op read #0 (kernel.receipt.read) objects.0.receipt.operation_id holds; op read #0 (kernel.receipt.read) objects.0	case.p10.send.destinations_listed.op--op/20260929T213236Z-case.p10.send.destinations_listed.op-muaddib-1440
atlas-phase10.json	case.p10.send.destination_picked	1440	pass	9	3.39	predicate: all_of: protocol_status: POST /api/channels/preview answered 200, wanted 200 (body sha256 f5d484f2e4c6); response body contains the declared admission facts | readable_text: 'Send' is readable in viewport {'width': 1440, 'height': 900} with rect {'x': 75, 'y': 359, 'w': 714, 'h': 24} | re	case.p10.send.destination_picked--1440/20260929T213236Z-case.p10.send.destination_picked-muaddib-1440
atlas-phase10.json	case.p10.send.destination_picked	393	pass	9	3.39	predicate: all_of: protocol_status: POST /api/channels/preview answered 200, wanted 200 (body sha256 8b2b873d75c2); response body contains the declared admission facts | readable_text: 'Send' is readable in viewport {'width': 393, 'height': 852} with rect {'x': 51, 'y': 500, 'w': 307, 'h': 52} | rea	case.p10.send.destination_picked--393/20260929T213236Z-case.p10.send.destination_picked-muaddib-393
atlas-phase10.json	case.p10.send.sending	1440	pass	11	3.39	predicate: all_of: readable_text: 'SENDING' is readable in viewport {'width': 1440, 'height': 900} with rect {'x': 305, 'y': 388, 'w': 88, 'h': 18} | protocol_reads: GET /api/channels/sends?update_id=pupd_ff664622e98b4567a22ea6cbd078dc11 answered 200 with 1 row(s) {'state': 'dispatching', 'destinati	case.p10.send.sending--1440/20260929T213237Z-case.p10.send.sending-muaddib-1440
atlas-phase10.json	case.p10.send.sending	393	pass	12	4.16	predicate: all_of: readable_text: 'SENDING' is readable in viewport {'width': 393, 'height': 852} with rect {'x': 51, 'y': 396, 'w': 88, 'h': 18} | protocol_reads: GET /api/channels/sends?update_id=pupd_907c7bd09b134123a94cc19d3cfd0798 answered 200 with 1 row(s) {'state': 'dispatching', 'destination	case.p10.send.sending--393/20260929T213239Z-case.p10.send.sending-muaddib-393
atlas-phase10.json	case.p10.send.sent	1440	pass	9	4.23	predicate: all_of: protocol_status: POST /api/channels/send answered 200, wanted 200 (body sha256 eebbde65ec17); response body contains the declared admission facts | readable_text: 'SAVED' is readable in viewport {'width': 1440, 'height': 900} with rect {'x': 75, 'y': 389, 'w': 714, 'h': 50} | prot	case.p10.send.sent--1440/20260929T213245Z-case.p10.send.sent-muaddib-1440
atlas-phase10.json	case.p10.send.sent	393	pass	9	4.23	predicate: all_of: protocol_status: POST /api/channels/send answered 200, wanted 200 (body sha256 59fda4215983); response body contains the declared admission facts | readable_text: 'SAVED' is readable in viewport {'width': 393, 'height': 852} with rect {'x': 51, 'y': 394, 'w': 307, 'h': 74} | proto	case.p10.send.sent--393/20260929T213245Z-case.p10.send.sent-muaddib-393
atlas-phase10.json	case.p10.send.sent.op	op	pass	3	4.23	predicate: all 12 facts hold: the trigger outcome holds; observe_at updates.0.deliveries holds; observe_at updates.0.deliveries.0.outcome holds; observe_at updates.0.deliveries.0.channel holds; observe_at updates.0.deliveries.0.operation_id holds; op read #0 (kernel.receipt.read) objects.0.operation	case.p10.send.sent.op--op/20260929T213248Z-case.p10.send.sent.op-muaddib-1440
atlas-phase10.json	case.p10.send.github_posted	1440	pass	9	4.13	predicate: all_of: protocol_status: POST /api/channels/send answered 200, wanted 200 (body sha256 cafd78dfc9d6); response body contains the declared admission facts | readable_text: 'POSTED' is readable in viewport {'width': 1440, 'height': 900} with rect {'x': 281, 'y': 384, 'w': 246, 'h': 27} | pr	case.p10.send.github_posted--1440/20260929T213251Z-case.p10.send.github_posted-muaddib-1440
atlas-phase10.json	case.p10.send.github_posted	393	pass	9	4.13	predicate: all_of: protocol_status: POST /api/channels/send answered 200, wanted 200 (body sha256 6530744ed4b2); response body contains the declared admission facts | readable_text: 'POSTED' is readable in viewport {'width': 393, 'height': 852} with rect {'x': 51, 'y': 416, 'w': 246, 'h': 55} | prot	case.p10.send.github_posted--393/20260929T213251Z-case.p10.send.github_posted-muaddib-393
atlas-phase10.json	case.p10.send.github_posted.op	op	pass	3	4.13	predicate: all_of: op_facts: all 9 facts hold: the trigger outcome holds; the trigger send.proof.url holds; observe_at updates.0.deliveries holds; observe_at updates.0.deliveries.0.channel holds; observe_at updates.0.deliveries.0.operation_id holds; op read #0 (kernel.receipt.read) objects.0.operati	case.p10.send.github_posted.op--op/20260929T213254Z-case.p10.send.github_posted.op-muaddib-1440
atlas-phase10.json	case.p10.send.refused	1440	pass	10	4.04	predicate: all_of: protocol_status: POST /api/channels/send answered 409, wanted 409 (body sha256 7e71bc59b64c); response body contains the declared admission facts | readable_text: 'DESTINATION PARKED' is readable in viewport {'width': 1440, 'height': 900} with rect {'x': 246, 'y': 362, 'w': 369, '	case.p10.send.refused--1440/20260929T213255Z-case.p10.send.refused-muaddib-1440
atlas-phase10.json	case.p10.send.refused	393	pass	9	4.04	predicate: all_of: protocol_status: POST /api/channels/send answered 409, wanted 409 (body sha256 ccd5670954e3); response body contains the declared admission facts | readable_text: 'DESTINATION PARKED' is readable in viewport {'width': 393, 'height': 852} with rect {'x': 51, 'y': 394, 'w': 307, 'h'	case.p10.send.refused--393/20260929T213258Z-case.p10.send.refused-muaddib-393
atlas-phase10.json	case.p10.send.refused.op	op	pass	3	4.11	predicate: all 8 facts hold: the trigger code holds; observe_at sends holds; op read #0 (kernel.receipt.read) objects.0.operation.name holds; op read #0 (kernel.receipt.read) objects.0.receipt.operation_id holds; op read #0 (kernel.receipt.read) objects.0.receipt.state holds; op read #0 (kernel.rece	case.p10.send.refused.op--op/20260929T213300Z-case.p10.send.refused.op-muaddib-1440
atlas-phase10.json	case.p10.send.failed	1440	pass	9	4.11	predicate: all_of: protocol_status: POST /api/channels/send answered 200, wanted 200 (body sha256 75019d1638c3); response body contains the declared admission facts | readable_text: 'FAILED' is readable in viewport {'width': 1440, 'height': 900} with rect {'x': 281, 'y': 387, 'w': 337, 'h': 18} | re	case.p10.send.failed--1440/20260929T213300Z-case.p10.send.failed-muaddib-1440
atlas-phase10.json	case.p10.send.failed	393	pass	9	4.11	predicate: all_of: protocol_status: POST /api/channels/send answered 200, wanted 200 (body sha256 2f562c3ef6dd); response body contains the declared admission facts | readable_text: 'FAILED' is readable in viewport {'width': 393, 'height': 852} with rect {'x': 51, 'y': 416, 'w': 307, 'h': 42} | read	case.p10.send.failed--393/20260929T213303Z-case.p10.send.failed-muaddib-393
atlas-phase10.json	case.p10.send.failed.op	op	pass	3	4.11	predicate: all_of: op_facts: all 8 facts hold: the trigger outcome holds; observe_at sends.0.state holds; observe_at sends.0.reason holds; op read #0 (kernel.receipt.read) objects.0.operation.name holds; op read #0 (kernel.receipt.read) objects.0.receipt.operation_id holds; op read #0 (kernel.receip	case.p10.send.failed.op--op/20260929T213304Z-case.p10.send.failed.op-muaddib-1440
atlas-phase10.json	case.p10.send.unknown	1440	pass	9	3.94	predicate: all_of: protocol_status: POST /api/channels/send answered 200, wanted 200 (body sha256 4bb79a6b34d5); response body contains the declared admission facts | readable_text: 'Check acme/payments #42' is readable in viewport {'width': 1440, 'height': 900} with rect {'x': 281, 'y': 384, 'w': 1	case.p10.send.unknown--1440/20260929T213307Z-case.p10.send.unknown-muaddib-1440
atlas-phase10.json	case.p10.send.unknown	393	pass	9	3.94	predicate: all_of: protocol_status: POST /api/channels/send answered 200, wanted 200 (body sha256 f1b50c958231); response body contains the declared admission facts | readable_text: 'Check acme/payments #42' is readable in viewport {'width': 393, 'height': 852} with rect {'x': 51, 'y': 430, 'w': 184	case.p10.send.unknown--393/20260929T213307Z-case.p10.send.unknown-muaddib-393
atlas-phase10.json	case.p10.send.unknown.op	op	pass	3	4.03	predicate: all_of: op_facts: all 8 facts hold: the trigger outcome holds; observe_at updates.0.deliveries holds; observe_at updates.0.deliveries.0.outcome holds; observe_at updates.0.deliveries.0.operation_id holds; op read #0 (kernel.receipt.read) objects.0.operation.name holds; op read #0 (kernel.	case.p10.send.unknown.op--op/20260929T213310Z-case.p10.send.unknown.op-muaddib-1440
atlas-phase10.json	case.p10.send.unknown_after_restart	1440	pass	14	4.03	predicate: all_of: readable_text: 'INTERRUPTED' is readable in viewport {'width': 1440, 'height': 900} with rect {'x': 39, 'y': 365, 'w': 770, 'h': 28} | readable_text: 'RESULT UNKNOWN' is readable in viewport {'width': 1440, 'height': 900} with rect {'x': 39, 'y': 365, 'w': 770, 'h': 28} | protocol	case.p10.send.unknown_after_restart--1440/20260929T213312Z-case.p10.send.unknown_after_restart-muaddib-1440
atlas-phase10.json	case.p10.send.unknown_after_restart	393	pass	13	4.03	predicate: all_of: readable_text: 'INTERRUPTED' is readable in viewport {'width': 393, 'height': 852} with rect {'x': 15, 'y': 307, 'w': 363, 'h': 104} | readable_text: 'RESULT UNKNOWN' is readable in viewport {'width': 393, 'height': 852} with rect {'x': 15, 'y': 307, 'w': 363, 'h': 104} | protocol	case.p10.send.unknown_after_restart--393/20260929T213312Z-case.p10.send.unknown_after_restart-muaddib-393
atlas-phase10.json	case.p10.send.destination_changed	1440	pass	9	3.87	predicate: all_of: protocol_status: POST /api/channels/send answered 409, wanted 409 (body sha256 ec0bdb8a1a38); response body contains the declared admission facts | readable_text: 'DESTINATION PARKED' is readable in viewport {'width': 1440, 'height': 900} with rect {'x': 626, 'y': 241, 'w': 177, '	case.p10.send.destination_changed--1440/20260929T213316Z-case.p10.send.destination_changed-muaddib-1440
atlas-phase10.json	case.p10.send.destination_changed	393	pass	9	3.87	predicate: all_of: protocol_status: POST /api/channels/send answered 409, wanted 409 (body sha256 37539f18f1d7); response body contains the declared admission facts | readable_text: 'DESTINATION PARKED' is readable in viewport {'width': 393, 'height': 852} with rect {'x': 21, 'y': 358, 'w': 177, 'h'	case.p10.send.destination_changed--393/20260929T213316Z-case.p10.send.destination_changed-muaddib-393
atlas-phase10.json	case.p10.send.destination_changed.op	op	pass	3	4.01	predicate: all 8 facts hold: the trigger code holds; observe_at sends holds; observe_at sends.0.id holds; observe_at sends.0.state holds; op read #0 (kernel.receipt.read) objects.0.operation.name holds; op read #0 (kernel.receipt.read) objects.0.receipt.operation_id holds; op read #0 (kernel.receipt	case.p10.send.destination_changed.op--op/20260929T213325Z-case.p10.send.destination_changed.op-muaddib-1440
atlas-phase10.json	case.p10.send.prepared	1440	pass	9	4.01	predicate: all_of: readable_text: 'PREPARED' is readable in viewport {'width': 1440, 'height': 900} with rect {'x': 39, 'y': 238, 'w': 770, 'h': 26} | readable_text: 'BY YOU' is readable in viewport {'width': 1440, 'height': 900} with rect {'x': 39, 'y': 238, 'w': 770, 'h': 26} | protocol_reads: GET	case.p10.send.prepared--1440/20260929T213325Z-case.p10.send.prepared-muaddib-1440
atlas-phase10.json	case.p10.send.prepared	393	pass	8	4.01	predicate: all_of: readable_text: 'PREPARED' is readable in viewport {'width': 393, 'height': 852} with rect {'x': 15, 'y': 284, 'w': 363, 'h': 96} | readable_text: 'BY YOU' is readable in viewport {'width': 393, 'height': 852} with rect {'x': 15, 'y': 284, 'w': 363, 'h': 96} | protocol_reads: GET /	case.p10.send.prepared--393/20260929T213326Z-case.p10.send.prepared-muaddib-393
atlas-phase10.json	case.p10.send.prepared.op	op	pass	3	4.01	predicate: all 9 facts hold: observe_at sends holds; observe_at sends.0.state holds; observe_at sends.0.prepared_by.kind holds; observe_at sends.0.prepare_operation_id holds; op read #0 (kernel.receipt.read) objects.0.operation.name holds; op read #0 (kernel.receipt.read) objects.0.receipt.operation	case.p10.send.prepared.op--op/20260929T213326Z-case.p10.send.prepared.op-muaddib-1440
atlas-phase10.json	case.p10.send.several	1440	pass	9	4.01	predicate: all_of: protocol_status: POST /api/channels/send answered 200, wanted 200 (body sha256 ccf96df79e24); 'op_9cb1a2bbf5464aed86ae908c37d9caaf' not in the response body; response body contains the declared admission facts | readable_text: 'SAVED' is readable in viewport {'width': 1440, 'heigh	case.p10.send.several--1440/20260929T213328Z-case.p10.send.several-muaddib-1440
atlas-phase10.json	case.p10.send.several	393	pass	10	4.01	predicate: all_of: protocol_status: POST /api/channels/send answered 200, wanted 200 (body sha256 e0c5164c0aad); 'op_5dc68cf1e5c54c5782e9f4c1eda45165' not in the response body; response body contains the declared admission facts | readable_text: 'SAVED' is readable in viewport {'width': 393, 'height	case.p10.send.several--393/20260929T213329Z-case.p10.send.several-muaddib-393
atlas-phase10.json	case.p10.send.several.op	op	pass	3	4.57	predicate: all 12 facts hold: observe_at updates.0.deliveries holds; observe_at updates.0.deliveries holds; observe_at updates.0.deliveries holds; op read #0 (kernel.receipt.read) objects.0.operation.name holds; op read #0 (kernel.receipt.read) objects.0.receipt.operation_id holds; op read #0 (kerne	case.p10.send.several.op--op/20260929T213334Z-case.p10.send.several.op-muaddib-1440
atlas-phase10.json	case.p10.send.discard_after_send	1440	pass	9	4.93	predicate: all_of: protocol_status: POST /api/channels/sends/chs_8d853d26a811970acded7582/discard answered 409, wanted 409 (body sha256 bf7d625e6608); response body contains the declared admission facts | readable_text: 'SAVED' is readable in viewport {'width': 1440, 'height': 900} with rect {'x': 4	case.p10.send.discard_after_send--1440/20260929T213335Z-case.p10.send.discard_after_send-muaddib-1440
atlas-phase10.json	case.p10.send.discard_after_send	393	pass	9	4.93	predicate: all_of: protocol_status: POST /api/channels/sends/chs_948c14119c7ff5b1107ebe31/discard answered 409, wanted 409 (body sha256 92060877d0d2); response body contains the declared admission facts | readable_text: 'SAVED' is readable in viewport {'width': 393, 'height': 852} with rect {'x': 47	case.p10.send.discard_after_send--393/20260929T213337Z-case.p10.send.discard_after_send-muaddib-393
atlas-phase10.json	case.p10.send.discard_after_send.op	op	pass	3	4.93	predicate: all 7 facts hold: the trigger code holds; observe_at sends.0.id holds; observe_at sends.0.state holds; op read #0 (kernel.receipt.read) objects.0.operation.name holds; op read #0 (kernel.receipt.read) objects.0.receipt.operation_id holds; op read #0 (kernel.receipt.read) objects.0.receipt	case.p10.send.discard_after_send.op--op/20260929T213337Z-case.p10.send.discard_after_send.op-muaddib-1440
atlas-phase10.json	case.p10.send.send_after_discard.op	op	pass	3	4.93	predicate: all 7 facts hold: the trigger code holds; observe_at sends.0.state holds; op read #0 (kernel.receipt.read) objects.0.operation.name holds; op read #0 (kernel.receipt.read) objects.0.receipt.operation_id holds; op read #0 (kernel.receipt.read) objects.0.receipt.state holds; op read #0 (ker	case.p10.send.send_after_discard.op--op/20260929T213339Z-case.p10.send.send_after_discard.op-muaddib-1440
atlas-phase10.json	case.p10.send.replay_same_key.op	op	pass	3	5.57	predicate: all_of: op_facts: all 10 facts hold: the trigger operation_id holds; the trigger send.state holds; the trigger send.proof.url holds; observe_at sends holds; observe_at sends.0.state holds; op read #0 (kernel.receipt.read) objects.0.operation.name holds; op read #0 (kernel.receipt.read) ob	case.p10.send.replay_same_key.op--op/20260929T213340Z-case.p10.send.replay_same_key.op-muaddib-1440
atlas-phase10.json	case.p10.send.receipt_after_return	1440	pass	9	5.57	predicate: all_of: readable_text: 'SAVED' is readable in viewport {'width': 1440, 'height': 900} with rect {'x': 45, 'y': 287, 'w': 120, 'h': 19} | protocol_reads: GET /api/channels/sends?update_id=pupd_6cb07e58f2a146aab4869522434da13c answered 200 with 1 row(s) {'state': 'sent', 'destination_id': '	case.p10.send.receipt_after_return--1440/20260929T213342Z-case.p10.send.receipt_after_return-muaddib-1440
atlas-phase10.json	case.p10.send.receipt_after_return	393	pass	9	5.57	predicate: all_of: readable_text: 'SAVED' is readable in viewport {'width': 393, 'height': 852} with rect {'x': 21, 'y': 389, 'w': 120, 'h': 19} | protocol_reads: GET /api/channels/sends?update_id=pupd_fe79e6ca446745239cd0a1a3ede00d59 answered 200 with 1 row(s) {'state': 'sent', 'destination_id': 'c	case.p10.send.receipt_after_return--393/20260929T213343Z-case.p10.send.receipt_after_return-muaddib-393
atlas-phase10.json	case.p10.send.resend_setup	1440	pass	10	5.57	predicate: all_of: protocol_status: POST /api/channels/destinations answered 200, wanted 200 (body sha256 ecdd4ac4432b); response body contains the declared admission facts | readable_text: 'API.RESEND.COM' is readable in viewport {'width': 1440, 'height': 900} with rect {'x': 25, 'y': 497, 'w': 136	case.p10.send.resend_setup--1440/20260929T213343Z-case.p10.send.resend_setup-muaddib-1440
atlas-phase10.json	case.p10.send.resend_setup	393	pass	10	5.37	predicate: all_of: protocol_status: POST /api/channels/destinations answered 200, wanted 200 (body sha256 211763c91894); response body contains the declared admission facts | readable_text: 'API.RESEND.COM' is readable in viewport {'width': 393, 'height': 852} with rect {'x': 15, 'y': 195, 'w': 363,	case.p10.send.resend_setup--393/20260929T213346Z-case.p10.send.resend_setup-muaddib-393
atlas-phase10.json	case.p10.send.resend_accepted	1440	pass	9	5.10	predicate: all_of: protocol_status: POST /api/channels/send answered 200, wanted 200 (body sha256 4418d0795d81); response body contains the declared admission facts | readable_text: 'ACCEPTED BY RESEND' is readable in viewport {'width': 1440, 'height': 900} with rect {'x': 313, 'y': 387, 'w': 366, '	case.p10.send.resend_accepted--1440/20260929T213351Z-case.p10.send.resend_accepted-muaddib-1440
atlas-phase10.json	case.p10.send.resend_accepted	393	pass	9	5.10	predicate: all_of: protocol_status: POST /api/channels/send answered 200, wanted 200 (body sha256 673ab58382ca); response body contains the declared admission facts | readable_text: 'ACCEPTED BY RESEND' is readable in viewport {'width': 393, 'height': 852} with rect {'x': 51, 'y': 417, 'w': 307, 'h'	case.p10.send.resend_accepted--393/20260929T213352Z-case.p10.send.resend_accepted-muaddib-393
atlas-phase10.json	case.p10.send.resend_prepared	1440	pass	9	5.10	predicate: all_of: protocol_status: POST /api/channels/send answered 200, wanted 200 (body sha256 f4f1effb9c40); response body contains the declared admission facts | readable_text: 'ACCEPTED BY RESEND' is readable in viewport {'width': 1440, 'height': 900} with rect {'x': 302, 'y': 242, 'w': 366, '	case.p10.send.resend_prepared--1440/20260929T213354Z-case.p10.send.resend_prepared-muaddib-1440
atlas-phase10.json	case.p10.send.resend_prepared	393	pass	9	5.41	predicate: all_of: protocol_status: POST /api/channels/send answered 200, wanted 200 (body sha256 831fd3f19696); response body contains the declared admission facts | readable_text: 'ACCEPTED BY RESEND' is readable in viewport {'width': 393, 'height': 852} with rect {'x': 47, 'y': 333, 'w': 325, 'h'	case.p10.send.resend_prepared--393/20260929T213357Z-case.p10.send.resend_prepared-muaddib-393
atlas-phase10.json	case.p10.send.resend_history	1440	pass	9	5.22	predicate: all_of: readable_text: 'ACCEPTED BY RESEND' is readable in viewport {'width': 1440, 'height': 900} with rect {'x': 39, 'y': 364, 'w': 770, 'h': 26} | readable_text: 'ID re-atlas-4ef9-0001' is readable in viewport {'width': 1440, 'height': 900} with rect {'x': 39, 'y': 364, 'w': 770, 'h': 	case.p10.send.resend_history--1440/20260929T213400Z-case.p10.send.resend_history-muaddib-1440
atlas-phase10.json	case.p10.send.resend_history	393	pass	9	5.22	predicate: all_of: readable_text: 'ACCEPTED BY RESEND' is readable in viewport {'width': 393, 'height': 852} with rect {'x': 15, 'y': 311, 'w': 363, 'h': 96} | readable_text: 'ID re-atlas-4ef9-0001' is readable in viewport {'width': 393, 'height': 852} with rect {'x': 15, 'y': 311, 'w': 363, 'h': 96	case.p10.send.resend_history--393/20260929T213401Z-case.p10.send.resend_history-muaddib-393
atlas-phase10.json	case.p10.send.resend_unknown	1440	pass	9	5.22	predicate: all_of: protocol_status: POST /api/channels/send answered 200, wanted 200 (body sha256 30baf006ff31); response body contains the declared admission facts | readable_text: 'Check priya@example.com' is readable in viewport {'width': 1440, 'height': 900} with rect {'x': 313, 'y': 384, 'w': 1	case.p10.send.resend_unknown--1440/20260929T213403Z-case.p10.send.resend_unknown-muaddib-1440
atlas-phase10.json	case.p10.send.resend_unknown	393	pass	9	5.04	predicate: all_of: protocol_status: POST /api/channels/send answered 200, wanted 200 (body sha256 26f7e9266e05); response body contains the declared admission facts | readable_text: 'Check priya@example.com' is readable in viewport {'width': 393, 'height': 852} with rect {'x': 51, 'y': 409, 'w': 184	case.p10.send.resend_unknown--393/20260929T213406Z-case.p10.send.resend_unknown-muaddib-393
